-- phpMyAdmin SQL Dump
-- version 4.0.4.2
-- http://www.phpmyadmin.net
--
-- Host: localhost
-- Generation Time: Dec 03, 2020 at 11:44 PM
-- Server version: 5.6.13
-- PHP Version: 5.4.17

SET SQL_MODE = "NO_AUTO_VALUE_ON_ZERO";
SET time_zone = "+00:00";


/*!40101 SET @OLD_CHARACTER_SET_CLIENT=@@CHARACTER_SET_CLIENT */;
/*!40101 SET @OLD_CHARACTER_SET_RESULTS=@@CHARACTER_SET_RESULTS */;
/*!40101 SET @OLD_COLLATION_CONNECTION=@@COLLATION_CONNECTION */;
/*!40101 SET NAMES utf8 */;

--
-- Database: `tis`
--
CREATE DATABASE IF NOT EXISTS `tis` DEFAULT CHARACTER SET utf8 COLLATE utf8_slovak_ci;
USE `tis`;

DELIMITER $$
--
-- Procedures
--
CREATE DEFINER=`root`@`localhost` PROCEDURE `generate_data`()
BEGIN
  DECLARE i INT DEFAULT 0;
  WHILE i < 1000 DO
    (SELECT RAND()*10);
    SET i = i + 1;
END WHILE;
END$$

DELIMITER ;

-- --------------------------------------------------------

--
-- Table structure for table `destination_order`
--

CREATE TABLE IF NOT EXISTS `destination_order` (
  `id` int(11) NOT NULL AUTO_INCREMENT,
  `destination` varchar(50) COLLATE utf8_slovak_ci NOT NULL,
  `commodity` varchar(100) COLLATE utf8_slovak_ci NOT NULL,
  PRIMARY KEY (`id`)
) ENGINE=InnoDB  DEFAULT CHARSET=utf8 COLLATE=utf8_slovak_ci AUTO_INCREMENT=3 ;

--
-- Dumping data for table `destination_order`
--

INSERT INTO `destination_order` (`id`, `destination`, `commodity`) VALUES
(1, 'Bratislava', '9x auto typu: BMW'),
(2, 'Vrakuna', '9x auto typu: AUDI');

-- --------------------------------------------------------

--
-- Table structure for table `employee`
--

CREATE TABLE IF NOT EXISTS `employee` (
  `id` int(11) NOT NULL AUTO_INCREMENT,
  `meno` varchar(20) COLLATE utf8_slovak_ci NOT NULL,
  `priezvisko` varchar(20) COLLATE utf8_slovak_ci NOT NULL,
  `email` varchar(100) COLLATE utf8_slovak_ci NOT NULL,
  `heslo` varchar(300) COLLATE utf8_slovak_ci NOT NULL,
  `role` varchar(50) COLLATE utf8_slovak_ci NOT NULL,
  `is_working` tinyint(5) NOT NULL DEFAULT '1',
  `login_count` int(11) NOT NULL DEFAULT '0',
  PRIMARY KEY (`id`)
) ENGINE=InnoDB  DEFAULT CHARSET=utf8 COLLATE=utf8_slovak_ci AUTO_INCREMENT=19 ;

--
-- Dumping data for table `employee`
--

INSERT INTO `employee` (`id`, `meno`, `priezvisko`, `email`, `heslo`, `role`, `is_working`, `login_count`) VALUES
(1, 'admin', 'admin', 'admin.admin@gmial.com', '21232f297a57a5a743894a0e4a801fc3', 'AD', 1, 2),
(3, 'EXD', 'EXD', 'EXD.EXD@gmial.com', '08e72627bd8dce9e03cf847a7569a5de', 'EXD', 1, 2),
(4, 'IND', 'IND', 'IND.IND@gmial.com', '82828756da24342a94c9b1355ae83653', 'IND', 1, 0),
(5, 'GM', 'GM', 'GM.GM@gmial.com', '64f3bd1741ab8d6ba545a1ae09bb8728', 'GM', 1, 0),
(6, 'asdfsdfsg', 'dfsghg', 'root@gmial.com', '6db23eee40d34e8290441bd8ff5bd924', 'EXD', 0, 0),
(7, 'sdsd', 'dsds', 'root@gmial.com', '21232f297a57a5a743894a0e4a801fc3', 'EXD', 0, 0),
(8, 'sdsd', 'dsds', 'root@gmial.com', '0cc175b9c0f1b6a831c399e269772661', 'EXD', 0, 0),
(9, 'dfsg', 'dsds', 'root@gmial.com', 'f970e2767d0cfe75876ea857f92e319b', 'EXD', 0, 0),
(10, 'sdsd', 'dsds', 'root@gmial.com', '03c7c0ace395d80182db07ae2c30f034', 'EXD', 0, 0),
(11, 'sdsd', 'dsds', 'root@gmial.com', '03c7c0ace395d80182db07ae2c30f034', 'IND', 0, 0),
(13, 'xvb', 'sadfgh', 'admin.admin@gmial.com', 'f561aaf6ef0bf14d4208bb46a4ccb3ad', 'EXD', 1, 0),
(14, 'xvb', 'sadfgh', 'rootssss@gmial.com', '03c7c0ace395d80182db07ae2c30f034', 'EXD', 1, 0),
(15, 'ssssss', 'ssssss', 'ssss.ssss@gmail.com', '03c7c0ace395d80182db07ae2c30f034', 'EXD', 1, 0),
(16, 'ssssss', 'ssssss', 'ssss.ssss@gmail.com', '03c7c0ace395d80182db07ae2c30f034', 'IND', 1, 0),
(17, 'dddd', 'dddd', 'rootd.d@gmail.com', '8277e0910d750195b448797616e091ad', 'EXD', 1, 0),
(18, 'dddd2', 'dddd2', 'rootd.d2@gmail.com', '8277e0910d750195b448797616e091ad', 'EXD', 1, 0);

-- --------------------------------------------------------

--
-- Table structure for table `event_log`
--

CREATE TABLE IF NOT EXISTS `event_log` (
  `id` int(11) NOT NULL AUTO_INCREMENT,
  `employee_id` int(11) NOT NULL,
  `task_event` text COLLATE utf8_slovak_ci NOT NULL,
  PRIMARY KEY (`id`)
) ENGINE=InnoDB  DEFAULT CHARSET=utf8 COLLATE=utf8_slovak_ci AUTO_INCREMENT=210 ;

--
-- Dumping data for table `event_log`
--

INSERT INTO `event_log` (`id`, `employee_id`, `task_event`) VALUES
(1, 3, 'Close time slot 1'),
(2, 3, 'Close time slot 1'),
(3, 3, 'Close time slot 1'),
(4, 3, 'Close time slot 1'),
(5, 3, 'Close time slot 1'),
(6, 3, 'Close time slot 1'),
(7, 3, 'Close time slot 1'),
(8, 3, 'Close time slot 1'),
(9, 3, 'Close time slot 6'),
(10, 3, 'Close time slot 1'),
(11, 3, 'Close time slot 1'),
(12, 3, 'Close time slot 1'),
(13, 3, 'Close time slot 1'),
(14, 3, 'Close time slot 1'),
(15, 3, 'Close time slot 1'),
(16, 3, 'Close time slot 1'),
(17, 3, 'Close time slot 1'),
(18, 3, 'Close time slot 1'),
(19, 3, 'Close time slot 1'),
(20, 3, 'Close time slot 1'),
(21, 3, 'Close time slot 1'),
(22, 3, 'Close time slot 1'),
(23, 3, 'Close time slot 1'),
(24, 3, 'Close time slot 1'),
(25, 3, 'Close time slot 1'),
(26, 3, 'Close time slot 1'),
(27, 3, 'Close time slot 1'),
(28, 3, 'Close time slot 1'),
(29, 3, 'Close time slot 1'),
(30, 3, 'Close time slot 1'),
(31, 3, 'Close time slot 1'),
(32, 3, 'Close time slot 1'),
(33, 3, 'Close time slot 1'),
(34, 3, 'Close time slot 1'),
(35, 3, 'Close time slot 1'),
(36, 3, 'Close time slot 1'),
(37, 3, 'Close time slot 1'),
(38, 3, 'Close time slot 1'),
(39, 3, 'Close time slot 1'),
(40, 3, 'Close time slot 1'),
(41, 3, 'Close time slot 1'),
(42, 3, 'Close time slot 1'),
(43, 3, 'Close time slot 1'),
(44, 3, 'Close time slot 1'),
(45, 3, 'Close time slot 1'),
(46, 3, 'Close time slot 1'),
(47, 3, 'Close time slot 1'),
(48, 3, 'Close time slot 1'),
(49, 3, 'Close time slot 1'),
(50, 3, 'Close time slot 1'),
(51, 3, 'Close time slot 1'),
(52, 3, 'Close time slot 1'),
(53, 3, 'Close time slot 1'),
(54, 3, 'Close time slot 1'),
(55, 3, 'Close time slot 1'),
(56, 3, 'Close time slot 1'),
(57, 3, 'Close time slot 1'),
(58, 3, 'Close time slot 1'),
(59, 3, 'Close time slot 1'),
(60, 3, 'Close time slot 1'),
(61, 3, 'Close time slot 1'),
(62, 3, 'Close time slot 1'),
(63, 3, 'Close time slot 1'),
(64, 3, 'Close time slot 1'),
(65, 3, 'Close time slot 1'),
(66, 3, 'Close time slot 1'),
(67, 3, 'Close time slot 1'),
(68, 3, 'Close time slot 1'),
(69, 3, 'Close time slot 1'),
(70, 3, 'Close time slot 1'),
(71, 3, 'Close time slot 1'),
(72, 3, 'Close time slot 1'),
(73, 3, 'Close time slot 1'),
(74, 3, 'Close time slot 1'),
(75, 3, 'Close time slot 1'),
(76, 3, 'Close time slot 1'),
(77, 3, 'Close time slot 1'),
(78, 1, 'Close time slot 1'),
(79, 1, 'Close time slot 1'),
(80, 1, 'Close time slot 1'),
(81, 1, 'Close time slot 1'),
(82, 1, 'Close time slot 1'),
(83, 1, 'Close time slot 1'),
(84, 1, 'Close time slot 1'),
(85, 1, 'Close time slot 1'),
(86, 1, 'Close time slot 1'),
(87, 1, 'Close time slot 1'),
(88, 1, 'Close time slot 1'),
(89, 3, 'Close time slot 1'),
(90, 3, 'Close time slot 1'),
(91, 3, 'Close time slot 1'),
(92, 3, 'Close time slot 1'),
(93, 3, 'Close time slot 1'),
(94, 3, 'Close time slot 1'),
(95, 3, 'Close time slot 1'),
(96, 3, 'Close time slot 1'),
(97, 3, 'Close time slot 1'),
(98, 3, 'Close time slot 1'),
(99, 3, 'Close time slot 1'),
(100, 3, 'Close time slot 1'),
(101, 3, 'Close time slot 1'),
(102, 3, 'Close time slot 1'),
(103, 3, 'Close time slot 1'),
(104, 3, 'Close time slot 1'),
(105, 3, 'Close time slot 1'),
(106, 3, 'Close time slot 1'),
(107, 3, 'Close time slot 1'),
(108, 3, 'Close time slot 1'),
(109, 3, 'Close time slot 1'),
(110, 3, 'Close time slot 1'),
(111, 3, 'Close time slot 1'),
(112, 3, 'Close time slot 1'),
(113, 3, 'Close time slot 1'),
(114, 3, 'Close time slot 1'),
(115, 3, 'Close without active time slot'),
(116, 3, 'Close time slot 1'),
(117, 3, 'Close time slot 6'),
(118, 3, 'Close time slot 1'),
(119, 3, 'Close time slot 1'),
(120, 3, 'Close time slot 1'),
(121, 3, 'Close time slot 6'),
(122, 3, 'Close time slot 6'),
(123, 3, 'Close time slot 1'),
(124, 3, 'Close time slot 1'),
(125, 3, 'Close time slot 1'),
(126, 3, 'Close time slot 6'),
(127, 3, 'Close time slot 1'),
(128, 3, 'Close time slot 1'),
(129, 3, 'Close time slot 1'),
(130, 3, 'Close time slot 1'),
(131, 3, 'Close time slot 1'),
(132, 3, 'Close time slot 1'),
(133, 3, 'Close time slot 1'),
(134, 3, 'Close time slot 1'),
(135, 3, 'Close time slot 6'),
(136, 3, 'Close time slot 1'),
(137, 3, 'Close time slot 6'),
(138, 3, 'Close time slot 1'),
(139, 3, 'Close time slot 6'),
(140, 3, 'Close time slot 6'),
(141, 3, 'Close without active time slot'),
(142, 3, 'Close time slot 1'),
(143, 3, 'Close time slot 6'),
(144, 3, 'Close time slot 1'),
(145, 3, 'Close time slot 6'),
(146, 3, 'Close time slot 1'),
(147, 3, 'Close time slot 1'),
(148, 3, 'Close time slot 1'),
(149, 3, 'Close time slot 1'),
(150, 3, 'Close without active time slot'),
(151, 3, 'Close time slot 1'),
(152, 3, 'Close time slot 1'),
(153, 3, 'Close time slot 1'),
(154, 3, 'Close time slot 1'),
(155, 3, 'Close time slot 1'),
(156, 3, 'Close time slot 1'),
(157, 3, 'Close time slot 1'),
(158, 3, 'Close time slot 1'),
(159, 3, 'Close time slot 2'),
(160, 3, 'Close time slot 4'),
(161, 3, 'Close time slot 5'),
(162, 3, 'Close time slot 6'),
(163, 3, 'Close time slot 1'),
(164, 3, 'Close without active time slot'),
(165, 3, 'Close time slot 1'),
(166, 3, 'Close time slot 3'),
(167, 3, 'Close time slot 1'),
(168, 3, 'Close time slot 4'),
(169, 3, 'Close time slot 1'),
(170, 3, 'Close time slot 1'),
(171, 3, 'Close time slot 1'),
(172, 3, 'Close time slot 1'),
(173, 3, 'Close time slot 3'),
(174, 3, 'Close without active time slot'),
(175, 3, 'Close time slot 2'),
(176, 3, 'Close time slot 3'),
(177, 3, 'Close time slot 2'),
(178, 3, 'Close time slot 3'),
(179, 3, 'Close time slot 1'),
(180, 3, 'Close time slot 1'),
(181, 3, 'Close time slot 1'),
(182, 3, 'Close time slot 1'),
(183, 3, 'Close time slot 2'),
(184, 3, 'Close time slot 2'),
(185, 3, 'Close time slot 2'),
(186, 3, 'Close without active time slot'),
(187, 3, 'Close time slot 1'),
(188, 3, 'Close time slot 1'),
(189, 3, 'Close time slot 1'),
(190, 3, 'Close time slot 1'),
(191, 3, 'Close time slot 1'),
(192, 3, 'Close time slot 1'),
(193, 3, 'Close time slot 1'),
(194, 3, 'Close time slot 1'),
(195, 3, 'Close time slot 1'),
(196, 3, 'Close without active time slot'),
(197, 3, 'Close time slot 7842'),
(198, 3, 'Close time slot 7842'),
(199, 3, 'Close time slot 7842'),
(200, 3, 'Close time slot 7843'),
(201, 3, 'Close time slot 7845'),
(202, 3, 'Close time slot 7846'),
(203, 3, 'Close time slot 7845'),
(204, 3, 'Close without active time slot'),
(205, 3, 'Close without active time slot'),
(206, 3, 'Close without active time slot'),
(207, 3, 'Close without active time slot'),
(208, 3, 'Close time slot 14090'),
(209, 3, 'Close without active time slot');

-- --------------------------------------------------------

--
-- Table structure for table `time_slot`
--

CREATE TABLE IF NOT EXISTS `time_slot` (
  `id` int(11) NOT NULL AUTO_INCREMENT,
  `id_gate` int(11) NOT NULL,
  `id_external_dispatcher` int(11) NOT NULL,
  `id_truck_driver_1` int(11) NOT NULL,
  `id_truck_driver_2` int(11) NOT NULL,
  `evc_truck` varchar(20) COLLATE utf8_slovak_ci DEFAULT NULL,
  `id_destination_order` int(11) DEFAULT NULL,
  `start_date_time` datetime NOT NULL,
  `end_date_time` datetime NOT NULL,
  `state` varchar(20) COLLATE utf8_slovak_ci NOT NULL,
  `ocupide_start_time` timestamp NOT NULL DEFAULT '0000-00-00 00:00:00',
  `ocupide_end_time` timestamp NOT NULL DEFAULT '0000-00-00 00:00:00',
  PRIMARY KEY (`id`)
) ENGINE=InnoDB  DEFAULT CHARSET=utf8 COLLATE=utf8_slovak_ci AUTO_INCREMENT=23850 ;

--
-- Dumping data for table `time_slot`
--

INSERT INTO `time_slot` (`id`, `id_gate`, `id_external_dispatcher`, `id_truck_driver_1`, `id_truck_driver_2`, `evc_truck`, `id_destination_order`, `start_date_time`, `end_date_time`, `state`, `ocupide_start_time`, `ocupide_end_time`) VALUES
(23430, 1, 8, 13, 0, 'KS-260-QZ', 2, '2020-12-03 07:00:00', '2020-12-03 09:30:00', 'finished', '0000-00-00 00:00:00', '0000-00-00 00:00:00'),
(23431, 1, 17, 5, 0, 'EQ-308-IQ', 1, '2020-12-03 09:30:00', '2020-12-03 12:00:00', 'finished', '0000-00-00 00:00:00', '0000-00-00 00:00:00'),
(23432, 1, 14, 9, 0, 'NV-718-DY', 2, '2020-12-03 12:00:00', '2020-12-03 14:30:00', 'finished', '0000-00-00 00:00:00', '0000-00-00 00:00:00'),
(23433, 1, 0, 0, 0, NULL, NULL, '2020-12-03 14:30:00', '2020-12-03 17:00:00', 'prepared', '0000-00-00 00:00:00', '0000-00-00 00:00:00'),
(23434, 1, 0, 0, 0, NULL, NULL, '2020-12-03 17:00:00', '2020-12-03 19:30:00', 'prepared', '0000-00-00 00:00:00', '0000-00-00 00:00:00'),
(23435, 1, 8, 13, 10, 'QV-463-KX', 1, '2020-12-03 19:30:00', '2020-12-03 22:00:00', 'finished', '0000-00-00 00:00:00', '0000-00-00 00:00:00'),
(23436, 1, 18, 5, 16, 'VX-632-LW', 1, '2020-12-04 06:00:00', '2020-12-04 08:30:00', 'finished', '0000-00-00 00:00:00', '0000-00-00 00:00:00'),
(23437, 1, 10, 7, 0, 'DH-804-EI', 2, '2020-12-04 08:30:00', '2020-12-04 11:00:00', 'requested', '0000-00-00 00:00:00', '0000-00-00 00:00:00'),
(23438, 1, 0, 0, 0, NULL, NULL, '2020-12-04 11:00:00', '2020-12-04 13:30:00', 'prepared', '0000-00-00 00:00:00', '0000-00-00 00:00:00'),
(23439, 1, 0, 0, 0, NULL, NULL, '2020-12-04 13:30:00', '2020-12-04 16:00:00', 'prepared', '0000-00-00 00:00:00', '0000-00-00 00:00:00'),
(23440, 1, 3, 10, 7, 'MZ-372-JP', 1, '2020-12-04 16:00:00', '2020-12-04 18:30:00', 'requested', '0000-00-00 00:00:00', '0000-00-00 00:00:00'),
(23441, 1, 18, 15, 0, 'KU-555-PR', 1, '2020-12-04 18:30:00', '2020-12-04 21:00:00', 'requested', '0000-00-00 00:00:00', '0000-00-00 00:00:00'),
(23442, 1, 3, 4, 0, 'PY-835-HI', 1, '2020-12-05 06:00:00', '2020-12-05 08:30:00', 'booked', '0000-00-00 00:00:00', '0000-00-00 00:00:00'),
(23443, 1, 13, 4, 8, 'MR-404-PQ', 2, '2020-12-05 08:30:00', '2020-12-05 11:00:00', 'booked', '0000-00-00 00:00:00', '0000-00-00 00:00:00'),
(23444, 1, 9, 4, 5, 'HU-359-WX', 1, '2020-12-05 11:00:00', '2020-12-05 13:30:00', 'requested', '0000-00-00 00:00:00', '0000-00-00 00:00:00'),
(23445, 1, 10, 3, 0, 'IK-959-JM', 1, '2020-12-05 13:30:00', '2020-12-05 16:00:00', 'booked', '0000-00-00 00:00:00', '0000-00-00 00:00:00'),
(23446, 1, 0, 0, 0, NULL, NULL, '2020-12-05 16:00:00', '2020-12-05 18:30:00', 'prepared', '0000-00-00 00:00:00', '0000-00-00 00:00:00'),
(23447, 1, 7, 3, 14, 'PW-139-RZ', 1, '2020-12-05 18:30:00', '2020-12-05 21:00:00', 'booked', '0000-00-00 00:00:00', '0000-00-00 00:00:00'),
(23448, 1, 8, 6, 1, 'CP-499-RS', 1, '2020-12-06 07:00:00', '2020-12-06 09:30:00', 'finished', '0000-00-00 00:00:00', '0000-00-00 00:00:00'),
(23449, 1, 0, 0, 0, NULL, NULL, '2020-12-06 09:30:00', '2020-12-06 12:00:00', 'prepared', '0000-00-00 00:00:00', '0000-00-00 00:00:00'),
(23450, 1, 13, 5, 0, 'GW-877-OU', 2, '2020-12-06 12:00:00', '2020-12-06 14:30:00', 'booked', '0000-00-00 00:00:00', '0000-00-00 00:00:00'),
(23451, 1, 15, 4, 0, 'GK-419-WZ', 2, '2020-12-06 14:30:00', '2020-12-06 17:00:00', 'requested', '0000-00-00 00:00:00', '0000-00-00 00:00:00'),
(23452, 1, 10, 11, 10, 'FI-621-BP', 2, '2020-12-06 17:00:00', '2020-12-06 19:30:00', 'requested', '0000-00-00 00:00:00', '0000-00-00 00:00:00'),
(23453, 1, 0, 0, 0, NULL, NULL, '2020-12-06 19:30:00', '2020-12-06 22:00:00', 'prepared', '0000-00-00 00:00:00', '0000-00-00 00:00:00'),
(23454, 1, 0, 0, 0, NULL, NULL, '2020-12-07 07:00:00', '2020-12-07 09:30:00', 'prepared', '0000-00-00 00:00:00', '0000-00-00 00:00:00'),
(23455, 1, 8, 16, 0, 'BX-778-GM', 2, '2020-12-07 09:30:00', '2020-12-07 12:00:00', 'finished', '0000-00-00 00:00:00', '0000-00-00 00:00:00'),
(23456, 1, 10, 12, 0, 'NU-402-EP', 1, '2020-12-07 12:00:00', '2020-12-07 14:30:00', 'requested', '0000-00-00 00:00:00', '0000-00-00 00:00:00'),
(23457, 1, 18, 3, 0, 'GI-722-MT', 1, '2020-12-07 14:30:00', '2020-12-07 17:00:00', 'requested', '0000-00-00 00:00:00', '0000-00-00 00:00:00'),
(23458, 1, 7, 10, 7, 'IK-771-AT', 2, '2020-12-07 17:00:00', '2020-12-07 19:30:00', 'requested', '0000-00-00 00:00:00', '0000-00-00 00:00:00'),
(23459, 1, 17, 3, 0, 'BV-880-DW', 1, '2020-12-07 19:30:00', '2020-12-07 22:00:00', 'finished', '0000-00-00 00:00:00', '0000-00-00 00:00:00'),
(23460, 1, 10, 11, 7, 'GL-545-OP', 1, '2020-12-08 07:00:00', '2020-12-08 09:30:00', 'requested', '0000-00-00 00:00:00', '0000-00-00 00:00:00'),
(23461, 1, 9, 11, 13, 'KX-154-NQ', 1, '2020-12-08 09:30:00', '2020-12-08 12:00:00', 'booked', '0000-00-00 00:00:00', '0000-00-00 00:00:00'),
(23462, 1, 14, 8, 0, 'IX-894-BW', 1, '2020-12-08 12:00:00', '2020-12-08 14:30:00', 'booked', '0000-00-00 00:00:00', '0000-00-00 00:00:00'),
(23463, 1, 8, 2, 0, 'AU-880-MW', 2, '2020-12-08 14:30:00', '2020-12-08 17:00:00', 'booked', '0000-00-00 00:00:00', '0000-00-00 00:00:00'),
(23464, 1, 14, 13, 0, 'KY-224-GL', 1, '2020-12-08 17:00:00', '2020-12-08 19:30:00', 'finished', '0000-00-00 00:00:00', '0000-00-00 00:00:00'),
(23465, 1, 6, 12, 0, 'CX-354-GS', 1, '2020-12-08 19:30:00', '2020-12-08 22:00:00', 'finished', '0000-00-00 00:00:00', '0000-00-00 00:00:00'),
(23466, 1, 15, 1, 0, 'LZ-119-DP', 2, '2020-12-09 07:00:00', '2020-12-09 09:30:00', 'booked', '0000-00-00 00:00:00', '0000-00-00 00:00:00'),
(23467, 1, 0, 0, 0, NULL, NULL, '2020-12-09 09:30:00', '2020-12-09 12:00:00', 'prepared', '0000-00-00 00:00:00', '0000-00-00 00:00:00'),
(23468, 1, 0, 0, 0, NULL, NULL, '2020-12-09 12:00:00', '2020-12-09 14:30:00', 'prepared', '0000-00-00 00:00:00', '0000-00-00 00:00:00'),
(23469, 1, 8, 8, 0, 'RT-184-AK', 2, '2020-12-09 14:30:00', '2020-12-09 17:00:00', 'requested', '0000-00-00 00:00:00', '0000-00-00 00:00:00'),
(23470, 1, 10, 13, 1, 'MV-409-RW', 2, '2020-12-09 17:00:00', '2020-12-09 19:30:00', 'booked', '0000-00-00 00:00:00', '0000-00-00 00:00:00'),
(23471, 1, 15, 6, 0, 'CO-979-AF', 1, '2020-12-09 19:30:00', '2020-12-09 22:00:00', 'requested', '0000-00-00 00:00:00', '0000-00-00 00:00:00'),
(23472, 2, 9, 5, 0, 'HQ-317-CH', 1, '2020-12-03 07:00:00', '2020-12-03 09:30:00', 'booked', '0000-00-00 00:00:00', '0000-00-00 00:00:00'),
(23473, 2, 3, 1, 16, 'RZ-264-MV', 1, '2020-12-03 09:30:00', '2020-12-03 12:00:00', 'finished', '0000-00-00 00:00:00', '0000-00-00 00:00:00'),
(23474, 2, 7, 8, 3, 'AB-514-WZ', 2, '2020-12-03 12:00:00', '2020-12-03 14:30:00', 'booked', '0000-00-00 00:00:00', '0000-00-00 00:00:00'),
(23475, 2, 6, 6, 0, 'UW-823-KP', 2, '2020-12-03 14:30:00', '2020-12-03 17:00:00', 'requested', '0000-00-00 00:00:00', '0000-00-00 00:00:00'),
(23476, 2, 15, 3, 13, 'IQ-103-GW', 2, '2020-12-03 17:00:00', '2020-12-03 19:30:00', 'booked', '0000-00-00 00:00:00', '0000-00-00 00:00:00'),
(23477, 2, 6, 12, 0, 'MR-294-CW', 2, '2020-12-03 19:30:00', '2020-12-03 22:00:00', 'booked', '0000-00-00 00:00:00', '0000-00-00 00:00:00'),
(23478, 2, 13, 16, 0, 'HO-434-BQ', 2, '2020-12-04 06:00:00', '2020-12-04 08:30:00', 'finished', '0000-00-00 00:00:00', '0000-00-00 00:00:00'),
(23479, 2, 0, 0, 0, NULL, NULL, '2020-12-04 08:30:00', '2020-12-04 11:00:00', 'prepared', '0000-00-00 00:00:00', '0000-00-00 00:00:00'),
(23480, 2, 6, 5, 10, 'AU-279-GV', 2, '2020-12-04 11:00:00', '2020-12-04 13:30:00', 'booked', '0000-00-00 00:00:00', '0000-00-00 00:00:00'),
(23481, 2, 13, 6, 13, 'OS-115-NV', 2, '2020-12-04 13:30:00', '2020-12-04 16:00:00', 'finished', '0000-00-00 00:00:00', '0000-00-00 00:00:00'),
(23482, 2, 6, 6, 4, 'FT-202-BN', 1, '2020-12-04 16:00:00', '2020-12-04 18:30:00', 'finished', '0000-00-00 00:00:00', '0000-00-00 00:00:00'),
(23483, 2, 0, 0, 0, NULL, NULL, '2020-12-04 18:30:00', '2020-12-04 21:00:00', 'prepared', '0000-00-00 00:00:00', '0000-00-00 00:00:00'),
(23484, 2, 0, 0, 0, NULL, NULL, '2020-12-05 06:00:00', '2020-12-05 08:30:00', 'prepared', '0000-00-00 00:00:00', '0000-00-00 00:00:00'),
(23485, 2, 0, 0, 0, NULL, NULL, '2020-12-05 08:30:00', '2020-12-05 11:00:00', 'prepared', '0000-00-00 00:00:00', '0000-00-00 00:00:00'),
(23486, 2, 3, 6, 5, 'MU-401-MY', 1, '2020-12-05 11:00:00', '2020-12-05 13:30:00', 'booked', '0000-00-00 00:00:00', '0000-00-00 00:00:00'),
(23487, 2, 8, 13, 15, 'NS-418-HX', 2, '2020-12-05 13:30:00', '2020-12-05 16:00:00', 'requested', '0000-00-00 00:00:00', '0000-00-00 00:00:00'),
(23488, 2, 15, 8, 0, 'CZ-667-NU', 2, '2020-12-05 16:00:00', '2020-12-05 18:30:00', 'requested', '0000-00-00 00:00:00', '0000-00-00 00:00:00'),
(23489, 2, 10, 15, 0, 'TX-261-SX', 1, '2020-12-05 18:30:00', '2020-12-05 21:00:00', 'requested', '0000-00-00 00:00:00', '0000-00-00 00:00:00'),
(23490, 2, 6, 10, 14, 'RU-563-CX', 1, '2020-12-06 07:00:00', '2020-12-06 09:30:00', 'booked', '0000-00-00 00:00:00', '0000-00-00 00:00:00'),
(23491, 2, 0, 0, 0, NULL, NULL, '2020-12-06 09:30:00', '2020-12-06 12:00:00', 'prepared', '0000-00-00 00:00:00', '0000-00-00 00:00:00'),
(23492, 2, 0, 0, 0, NULL, NULL, '2020-12-06 12:00:00', '2020-12-06 14:30:00', 'prepared', '0000-00-00 00:00:00', '0000-00-00 00:00:00'),
(23493, 2, 0, 0, 0, NULL, NULL, '2020-12-06 14:30:00', '2020-12-06 17:00:00', 'prepared', '0000-00-00 00:00:00', '0000-00-00 00:00:00'),
(23494, 2, 6, 11, 0, 'HJ-719-BZ', 1, '2020-12-06 17:00:00', '2020-12-06 19:30:00', 'booked', '0000-00-00 00:00:00', '0000-00-00 00:00:00'),
(23495, 2, 14, 9, 4, 'CD-839-LT', 2, '2020-12-06 19:30:00', '2020-12-06 22:00:00', 'requested', '0000-00-00 00:00:00', '0000-00-00 00:00:00'),
(23496, 2, 3, 7, 0, 'GY-968-VW', 1, '2020-12-07 07:00:00', '2020-12-07 09:30:00', 'requested', '0000-00-00 00:00:00', '0000-00-00 00:00:00'),
(23497, 2, 6, 9, 0, 'JO-302-OP', 2, '2020-12-07 09:30:00', '2020-12-07 12:00:00', 'requested', '0000-00-00 00:00:00', '0000-00-00 00:00:00'),
(23498, 2, 13, 1, 0, 'DE-238-MY', 1, '2020-12-07 12:00:00', '2020-12-07 14:30:00', 'requested', '0000-00-00 00:00:00', '0000-00-00 00:00:00'),
(23499, 2, 0, 0, 0, NULL, NULL, '2020-12-07 14:30:00', '2020-12-07 17:00:00', 'prepared', '0000-00-00 00:00:00', '0000-00-00 00:00:00'),
(23500, 2, 0, 0, 0, NULL, NULL, '2020-12-07 17:00:00', '2020-12-07 19:30:00', 'prepared', '0000-00-00 00:00:00', '0000-00-00 00:00:00'),
(23501, 2, 13, 16, 16, 'FZ-941-AV', 1, '2020-12-07 19:30:00', '2020-12-07 22:00:00', 'finished', '0000-00-00 00:00:00', '0000-00-00 00:00:00'),
(23502, 2, 0, 0, 0, NULL, NULL, '2020-12-08 07:00:00', '2020-12-08 09:30:00', 'prepared', '0000-00-00 00:00:00', '0000-00-00 00:00:00'),
(23503, 2, 6, 7, 1, 'IW-502-OQ', 2, '2020-12-08 09:30:00', '2020-12-08 12:00:00', 'requested', '0000-00-00 00:00:00', '0000-00-00 00:00:00'),
(23504, 2, 10, 3, 0, 'OS-977-AW', 2, '2020-12-08 12:00:00', '2020-12-08 14:30:00', 'booked', '0000-00-00 00:00:00', '0000-00-00 00:00:00'),
(23505, 2, 13, 10, 0, 'RW-749-IV', 2, '2020-12-08 14:30:00', '2020-12-08 17:00:00', 'booked', '0000-00-00 00:00:00', '0000-00-00 00:00:00'),
(23506, 2, 10, 14, 0, 'HS-849-EV', 1, '2020-12-08 17:00:00', '2020-12-08 19:30:00', 'finished', '0000-00-00 00:00:00', '0000-00-00 00:00:00'),
(23507, 2, 7, 1, 9, 'AR-768-OU', 2, '2020-12-08 19:30:00', '2020-12-08 22:00:00', 'booked', '0000-00-00 00:00:00', '0000-00-00 00:00:00'),
(23508, 2, 0, 0, 0, NULL, NULL, '2020-12-09 07:00:00', '2020-12-09 09:30:00', 'prepared', '0000-00-00 00:00:00', '0000-00-00 00:00:00'),
(23509, 2, 0, 0, 0, NULL, NULL, '2020-12-09 09:30:00', '2020-12-09 12:00:00', 'prepared', '0000-00-00 00:00:00', '0000-00-00 00:00:00'),
(23510, 2, 10, 3, 9, 'BN-530-DQ', 2, '2020-12-09 12:00:00', '2020-12-09 14:30:00', 'finished', '0000-00-00 00:00:00', '0000-00-00 00:00:00'),
(23511, 2, 9, 7, 0, 'CI-773-FN', 1, '2020-12-09 14:30:00', '2020-12-09 17:00:00', 'requested', '0000-00-00 00:00:00', '0000-00-00 00:00:00'),
(23512, 2, 17, 11, 0, 'IJ-784-IL', 1, '2020-12-09 17:00:00', '2020-12-09 19:30:00', 'booked', '0000-00-00 00:00:00', '0000-00-00 00:00:00'),
(23513, 2, 0, 0, 0, NULL, NULL, '2020-12-09 19:30:00', '2020-12-09 22:00:00', 'prepared', '0000-00-00 00:00:00', '0000-00-00 00:00:00'),
(23514, 3, 9, 3, 0, 'CO-399-JM', 2, '2020-12-03 07:00:00', '2020-12-03 09:30:00', 'requested', '0000-00-00 00:00:00', '0000-00-00 00:00:00'),
(23515, 3, 0, 0, 0, NULL, NULL, '2020-12-03 09:30:00', '2020-12-03 12:00:00', 'prepared', '0000-00-00 00:00:00', '0000-00-00 00:00:00'),
(23516, 3, 13, 3, 0, 'BX-162-FV', 1, '2020-12-03 12:00:00', '2020-12-03 14:30:00', 'booked', '0000-00-00 00:00:00', '0000-00-00 00:00:00'),
(23517, 3, 15, 9, 12, 'IT-318-SU', 1, '2020-12-03 14:30:00', '2020-12-03 17:00:00', 'finished', '0000-00-00 00:00:00', '0000-00-00 00:00:00'),
(23518, 3, 6, 14, 0, 'BP-756-XZ', 1, '2020-12-03 17:00:00', '2020-12-03 19:30:00', 'requested', '0000-00-00 00:00:00', '0000-00-00 00:00:00'),
(23519, 3, 13, 14, 0, 'EV-206-GN', 1, '2020-12-03 19:30:00', '2020-12-03 22:00:00', 'requested', '0000-00-00 00:00:00', '0000-00-00 00:00:00'),
(23520, 3, 15, 3, 0, 'CJ-453-AJ', 1, '2020-12-04 06:00:00', '2020-12-04 08:30:00', 'booked', '0000-00-00 00:00:00', '0000-00-00 00:00:00'),
(23521, 3, 8, 16, 0, 'NQ-858-GV', 1, '2020-12-04 08:30:00', '2020-12-04 11:00:00', 'requested', '0000-00-00 00:00:00', '0000-00-00 00:00:00'),
(23522, 3, 17, 1, 10, 'GV-916-UV', 1, '2020-12-04 11:00:00', '2020-12-04 13:30:00', 'finished', '0000-00-00 00:00:00', '0000-00-00 00:00:00'),
(23523, 3, 6, 15, 13, 'CQ-590-MN', 1, '2020-12-04 13:30:00', '2020-12-04 16:00:00', 'finished', '0000-00-00 00:00:00', '0000-00-00 00:00:00'),
(23524, 3, 0, 0, 0, NULL, NULL, '2020-12-04 16:00:00', '2020-12-04 18:30:00', 'prepared', '0000-00-00 00:00:00', '0000-00-00 00:00:00'),
(23525, 3, 8, 13, 0, 'GR-719-CN', 2, '2020-12-04 18:30:00', '2020-12-04 21:00:00', 'requested', '0000-00-00 00:00:00', '0000-00-00 00:00:00'),
(23526, 3, 15, 5, 7, 'LS-619-NW', 1, '2020-12-05 06:00:00', '2020-12-05 08:30:00', 'finished', '0000-00-00 00:00:00', '0000-00-00 00:00:00'),
(23527, 3, 9, 3, 7, 'UZ-766-BU', 2, '2020-12-05 08:30:00', '2020-12-05 11:00:00', 'finished', '0000-00-00 00:00:00', '0000-00-00 00:00:00'),
(23528, 3, 14, 11, 0, 'DW-232-GH', 2, '2020-12-05 11:00:00', '2020-12-05 13:30:00', 'requested', '0000-00-00 00:00:00', '0000-00-00 00:00:00'),
(23529, 3, 6, 4, 5, 'FP-714-GQ', 1, '2020-12-05 13:30:00', '2020-12-05 16:00:00', 'booked', '0000-00-00 00:00:00', '0000-00-00 00:00:00'),
(23530, 3, 9, 13, 0, 'SY-798-CE', 2, '2020-12-05 16:00:00', '2020-12-05 18:30:00', 'booked', '0000-00-00 00:00:00', '0000-00-00 00:00:00'),
(23531, 3, 17, 1, 16, 'FX-862-JT', 2, '2020-12-05 18:30:00', '2020-12-05 21:00:00', 'requested', '0000-00-00 00:00:00', '0000-00-00 00:00:00'),
(23532, 3, 15, 7, 7, 'JZ-318-EU', 1, '2020-12-06 07:00:00', '2020-12-06 09:30:00', 'booked', '0000-00-00 00:00:00', '0000-00-00 00:00:00'),
(23533, 3, 6, 1, 0, 'EH-586-BM', 2, '2020-12-06 09:30:00', '2020-12-06 12:00:00', 'requested', '0000-00-00 00:00:00', '0000-00-00 00:00:00'),
(23534, 3, 15, 12, 0, 'DN-535-JK', 2, '2020-12-06 12:00:00', '2020-12-06 14:30:00', 'booked', '0000-00-00 00:00:00', '0000-00-00 00:00:00'),
(23535, 3, 15, 15, 2, 'EZ-517-MO', 1, '2020-12-06 14:30:00', '2020-12-06 17:00:00', 'finished', '0000-00-00 00:00:00', '0000-00-00 00:00:00'),
(23536, 3, 0, 0, 0, NULL, NULL, '2020-12-06 17:00:00', '2020-12-06 19:30:00', 'prepared', '0000-00-00 00:00:00', '0000-00-00 00:00:00'),
(23537, 3, 15, 7, 7, 'LN-332-AL', 2, '2020-12-06 19:30:00', '2020-12-06 22:00:00', 'booked', '0000-00-00 00:00:00', '0000-00-00 00:00:00'),
(23538, 3, 7, 4, 0, 'HW-597-LS', 2, '2020-12-07 07:00:00', '2020-12-07 09:30:00', 'finished', '0000-00-00 00:00:00', '0000-00-00 00:00:00'),
(23539, 3, 10, 4, 0, 'AO-249-EH', 2, '2020-12-07 09:30:00', '2020-12-07 12:00:00', 'finished', '0000-00-00 00:00:00', '0000-00-00 00:00:00'),
(23540, 3, 0, 0, 0, NULL, NULL, '2020-12-07 12:00:00', '2020-12-07 14:30:00', 'prepared', '0000-00-00 00:00:00', '0000-00-00 00:00:00'),
(23541, 3, 8, 12, 5, 'BM-225-ST', 2, '2020-12-07 14:30:00', '2020-12-07 17:00:00', 'booked', '0000-00-00 00:00:00', '0000-00-00 00:00:00'),
(23542, 3, 14, 7, 0, 'EJ-985-EQ', 2, '2020-12-07 17:00:00', '2020-12-07 19:30:00', 'requested', '0000-00-00 00:00:00', '0000-00-00 00:00:00'),
(23543, 3, 3, 4, 0, 'BZ-807-HX', 2, '2020-12-07 19:30:00', '2020-12-07 22:00:00', 'finished', '0000-00-00 00:00:00', '0000-00-00 00:00:00'),
(23544, 3, 0, 0, 0, NULL, NULL, '2020-12-08 07:00:00', '2020-12-08 09:30:00', 'prepared', '0000-00-00 00:00:00', '0000-00-00 00:00:00'),
(23545, 3, 10, 1, 0, 'MV-580-GP', 1, '2020-12-08 09:30:00', '2020-12-08 12:00:00', 'requested', '0000-00-00 00:00:00', '0000-00-00 00:00:00'),
(23546, 3, 0, 0, 0, NULL, NULL, '2020-12-08 12:00:00', '2020-12-08 14:30:00', 'prepared', '0000-00-00 00:00:00', '0000-00-00 00:00:00'),
(23547, 3, 3, 3, 12, 'FR-253-BI', 1, '2020-12-08 14:30:00', '2020-12-08 17:00:00', 'finished', '0000-00-00 00:00:00', '0000-00-00 00:00:00'),
(23548, 3, 13, 14, 0, 'EY-461-CL', 1, '2020-12-08 17:00:00', '2020-12-08 19:30:00', 'finished', '0000-00-00 00:00:00', '0000-00-00 00:00:00'),
(23549, 3, 17, 13, 12, 'CG-946-IM', 1, '2020-12-08 19:30:00', '2020-12-08 22:00:00', 'booked', '0000-00-00 00:00:00', '0000-00-00 00:00:00'),
(23550, 3, 0, 0, 0, NULL, NULL, '2020-12-09 07:00:00', '2020-12-09 09:30:00', 'prepared', '0000-00-00 00:00:00', '0000-00-00 00:00:00'),
(23551, 3, 0, 0, 0, NULL, NULL, '2020-12-09 09:30:00', '2020-12-09 12:00:00', 'prepared', '0000-00-00 00:00:00', '0000-00-00 00:00:00'),
(23552, 3, 9, 16, 1, 'DW-534-RW', 2, '2020-12-09 12:00:00', '2020-12-09 14:30:00', 'booked', '0000-00-00 00:00:00', '0000-00-00 00:00:00'),
(23553, 3, 0, 0, 0, NULL, NULL, '2020-12-09 14:30:00', '2020-12-09 17:00:00', 'prepared', '0000-00-00 00:00:00', '0000-00-00 00:00:00'),
(23554, 3, 6, 10, 3, 'FY-168-CJ', 2, '2020-12-09 17:00:00', '2020-12-09 19:30:00', 'booked', '0000-00-00 00:00:00', '0000-00-00 00:00:00'),
(23555, 3, 0, 0, 0, NULL, NULL, '2020-12-09 19:30:00', '2020-12-09 22:00:00', 'prepared', '0000-00-00 00:00:00', '0000-00-00 00:00:00'),
(23556, 4, 7, 9, 6, 'AH-273-DT', 2, '2020-12-03 07:00:00', '2020-12-03 09:30:00', 'requested', '0000-00-00 00:00:00', '0000-00-00 00:00:00'),
(23557, 4, 15, 6, 10, 'JL-944-BU', 1, '2020-12-03 09:30:00', '2020-12-03 12:00:00', 'requested', '0000-00-00 00:00:00', '0000-00-00 00:00:00'),
(23558, 4, 13, 2, 0, 'AI-311-NT', 2, '2020-12-03 12:00:00', '2020-12-03 14:30:00', 'finished', '0000-00-00 00:00:00', '0000-00-00 00:00:00'),
(23559, 4, 17, 5, 0, 'AQ-597-AU', 1, '2020-12-03 14:30:00', '2020-12-03 17:00:00', 'finished', '0000-00-00 00:00:00', '0000-00-00 00:00:00'),
(23560, 4, 9, 3, 16, 'DV-186-EZ', 1, '2020-12-03 17:00:00', '2020-12-03 19:30:00', 'requested', '0000-00-00 00:00:00', '0000-00-00 00:00:00'),
(23561, 4, 6, 2, 0, 'EZ-660-MX', 2, '2020-12-03 19:30:00', '2020-12-03 22:00:00', 'finished', '0000-00-00 00:00:00', '0000-00-00 00:00:00'),
(23562, 4, 7, 4, 0, 'KP-470-DE', 1, '2020-12-04 06:00:00', '2020-12-04 08:30:00', 'finished', '0000-00-00 00:00:00', '0000-00-00 00:00:00'),
(23563, 4, 7, 14, 0, 'NT-272-CN', 2, '2020-12-04 08:30:00', '2020-12-04 11:00:00', 'requested', '0000-00-00 00:00:00', '0000-00-00 00:00:00'),
(23564, 4, 9, 12, 0, 'JS-619-CI', 2, '2020-12-04 11:00:00', '2020-12-04 13:30:00', 'finished', '0000-00-00 00:00:00', '0000-00-00 00:00:00'),
(23565, 4, 17, 5, 0, 'TX-758-RX', 1, '2020-12-04 13:30:00', '2020-12-04 16:00:00', 'requested', '0000-00-00 00:00:00', '0000-00-00 00:00:00'),
(23566, 4, 0, 0, 0, NULL, NULL, '2020-12-04 16:00:00', '2020-12-04 18:30:00', 'prepared', '0000-00-00 00:00:00', '0000-00-00 00:00:00'),
(23567, 4, 0, 0, 0, NULL, NULL, '2020-12-04 18:30:00', '2020-12-04 21:00:00', 'prepared', '0000-00-00 00:00:00', '0000-00-00 00:00:00'),
(23568, 4, 18, 14, 10, 'KL-692-IV', 2, '2020-12-05 06:00:00', '2020-12-05 08:30:00', 'requested', '0000-00-00 00:00:00', '0000-00-00 00:00:00'),
(23569, 4, 10, 3, 6, 'AP-180-TV', 2, '2020-12-05 08:30:00', '2020-12-05 11:00:00', 'booked', '0000-00-00 00:00:00', '0000-00-00 00:00:00'),
(23570, 4, 6, 4, 0, 'TZ-366-EV', 2, '2020-12-05 11:00:00', '2020-12-05 13:30:00', 'finished', '0000-00-00 00:00:00', '0000-00-00 00:00:00'),
(23571, 4, 0, 0, 0, NULL, NULL, '2020-12-05 13:30:00', '2020-12-05 16:00:00', 'prepared', '0000-00-00 00:00:00', '0000-00-00 00:00:00'),
(23572, 4, 15, 5, 14, 'CM-570-WX', 1, '2020-12-05 16:00:00', '2020-12-05 18:30:00', 'booked', '0000-00-00 00:00:00', '0000-00-00 00:00:00'),
(23573, 4, 13, 7, 0, 'CI-996-IJ', 2, '2020-12-05 18:30:00', '2020-12-05 21:00:00', 'requested', '0000-00-00 00:00:00', '0000-00-00 00:00:00'),
(23574, 4, 10, 16, 13, 'DY-898-PQ', 2, '2020-12-06 07:00:00', '2020-12-06 09:30:00', 'booked', '0000-00-00 00:00:00', '0000-00-00 00:00:00'),
(23575, 4, 6, 8, 2, 'OS-654-EI', 2, '2020-12-06 09:30:00', '2020-12-06 12:00:00', 'requested', '0000-00-00 00:00:00', '0000-00-00 00:00:00'),
(23576, 4, 9, 14, 10, 'IJ-961-WY', 1, '2020-12-06 12:00:00', '2020-12-06 14:30:00', 'requested', '0000-00-00 00:00:00', '0000-00-00 00:00:00'),
(23577, 4, 8, 6, 10, 'MO-426-FY', 1, '2020-12-06 14:30:00', '2020-12-06 17:00:00', 'finished', '0000-00-00 00:00:00', '0000-00-00 00:00:00'),
(23578, 4, 10, 2, 15, 'HL-157-IK', 2, '2020-12-06 17:00:00', '2020-12-06 19:30:00', 'booked', '0000-00-00 00:00:00', '0000-00-00 00:00:00'),
(23579, 4, 0, 0, 0, NULL, NULL, '2020-12-06 19:30:00', '2020-12-06 22:00:00', 'prepared', '0000-00-00 00:00:00', '0000-00-00 00:00:00'),
(23580, 4, 15, 11, 14, 'RS-180-LW', 1, '2020-12-07 07:00:00', '2020-12-07 09:30:00', 'booked', '0000-00-00 00:00:00', '0000-00-00 00:00:00'),
(23581, 4, 13, 6, 0, 'DZ-713-NV', 1, '2020-12-07 09:30:00', '2020-12-07 12:00:00', 'requested', '0000-00-00 00:00:00', '0000-00-00 00:00:00'),
(23582, 4, 8, 6, 0, 'WX-622-MO', 1, '2020-12-07 12:00:00', '2020-12-07 14:30:00', 'booked', '0000-00-00 00:00:00', '0000-00-00 00:00:00'),
(23583, 4, 7, 13, 0, 'BC-355-PZ', 1, '2020-12-07 14:30:00', '2020-12-07 17:00:00', 'booked', '0000-00-00 00:00:00', '0000-00-00 00:00:00'),
(23584, 4, 14, 3, 7, 'BH-782-HP', 1, '2020-12-07 17:00:00', '2020-12-07 19:30:00', 'finished', '0000-00-00 00:00:00', '0000-00-00 00:00:00'),
(23585, 4, 7, 6, 1, 'CO-273-HL', 1, '2020-12-07 19:30:00', '2020-12-07 22:00:00', 'requested', '0000-00-00 00:00:00', '0000-00-00 00:00:00'),
(23586, 4, 3, 1, 12, 'XY-257-JV', 2, '2020-12-08 07:00:00', '2020-12-08 09:30:00', 'booked', '0000-00-00 00:00:00', '0000-00-00 00:00:00'),
(23587, 4, 3, 16, 10, 'PZ-239-AN', 2, '2020-12-08 09:30:00', '2020-12-08 12:00:00', 'finished', '0000-00-00 00:00:00', '0000-00-00 00:00:00'),
(23588, 4, 10, 13, 7, 'MP-155-KU', 1, '2020-12-08 12:00:00', '2020-12-08 14:30:00', 'finished', '0000-00-00 00:00:00', '0000-00-00 00:00:00'),
(23589, 4, 8, 13, 10, 'KQ-103-BI', 1, '2020-12-08 14:30:00', '2020-12-08 17:00:00', 'finished', '0000-00-00 00:00:00', '0000-00-00 00:00:00'),
(23590, 4, 18, 3, 0, 'LX-513-MX', 2, '2020-12-08 17:00:00', '2020-12-08 19:30:00', 'finished', '0000-00-00 00:00:00', '0000-00-00 00:00:00'),
(23591, 4, 6, 7, 0, 'NZ-878-QS', 2, '2020-12-08 19:30:00', '2020-12-08 22:00:00', 'booked', '0000-00-00 00:00:00', '0000-00-00 00:00:00'),
(23592, 4, 10, 13, 0, 'HO-586-BV', 2, '2020-12-09 07:00:00', '2020-12-09 09:30:00', 'finished', '0000-00-00 00:00:00', '0000-00-00 00:00:00'),
(23593, 4, 15, 1, 13, 'BC-182-AR', 1, '2020-12-09 09:30:00', '2020-12-09 12:00:00', 'requested', '0000-00-00 00:00:00', '0000-00-00 00:00:00'),
(23594, 4, 9, 7, 15, 'SU-448-CE', 1, '2020-12-09 12:00:00', '2020-12-09 14:30:00', 'booked', '0000-00-00 00:00:00', '0000-00-00 00:00:00'),
(23595, 4, 8, 15, 1, 'FT-770-OT', 1, '2020-12-09 14:30:00', '2020-12-09 17:00:00', 'finished', '0000-00-00 00:00:00', '0000-00-00 00:00:00'),
(23596, 4, 7, 13, 0, 'HN-634-TX', 2, '2020-12-09 17:00:00', '2020-12-09 19:30:00', 'booked', '0000-00-00 00:00:00', '0000-00-00 00:00:00'),
(23597, 4, 8, 1, 4, 'KS-667-KM', 1, '2020-12-09 19:30:00', '2020-12-09 22:00:00', 'finished', '0000-00-00 00:00:00', '0000-00-00 00:00:00'),
(23598, 5, 17, 2, 0, 'PS-666-JN', 1, '2020-12-03 07:00:00', '2020-12-03 09:30:00', 'requested', '0000-00-00 00:00:00', '0000-00-00 00:00:00'),
(23599, 5, 0, 0, 0, NULL, NULL, '2020-12-03 09:30:00', '2020-12-03 12:00:00', 'prepared', '0000-00-00 00:00:00', '0000-00-00 00:00:00'),
(23600, 5, 9, 11, 2, 'NP-179-IL', 2, '2020-12-03 12:00:00', '2020-12-03 14:30:00', 'finished', '0000-00-00 00:00:00', '0000-00-00 00:00:00'),
(23601, 5, 10, 5, 0, 'BE-526-CK', 2, '2020-12-03 14:30:00', '2020-12-03 17:00:00', 'requested', '0000-00-00 00:00:00', '0000-00-00 00:00:00'),
(23602, 5, 9, 13, 10, 'BX-482-KL', 2, '2020-12-03 17:00:00', '2020-12-03 19:30:00', 'requested', '0000-00-00 00:00:00', '0000-00-00 00:00:00'),
(23603, 5, 15, 4, 6, 'CJ-675-NQ', 2, '2020-12-03 19:30:00', '2020-12-03 22:00:00', 'requested', '0000-00-00 00:00:00', '0000-00-00 00:00:00'),
(23604, 5, 13, 14, 0, 'KY-458-HJ', 1, '2020-12-04 06:00:00', '2020-12-04 08:30:00', 'finished', '0000-00-00 00:00:00', '0000-00-00 00:00:00'),
(23605, 5, 14, 2, 4, 'CR-287-OV', 1, '2020-12-04 08:30:00', '2020-12-04 11:00:00', 'finished', '0000-00-00 00:00:00', '0000-00-00 00:00:00'),
(23606, 5, 3, 14, 0, 'PT-839-KY', 2, '2020-12-04 11:00:00', '2020-12-04 13:30:00', 'requested', '0000-00-00 00:00:00', '0000-00-00 00:00:00'),
(23607, 5, 0, 0, 0, NULL, NULL, '2020-12-04 13:30:00', '2020-12-04 16:00:00', 'prepared', '0000-00-00 00:00:00', '0000-00-00 00:00:00'),
(23608, 5, 13, 12, 0, 'DT-532-CL', 2, '2020-12-04 16:00:00', '2020-12-04 18:30:00', 'booked', '0000-00-00 00:00:00', '0000-00-00 00:00:00'),
(23609, 5, 17, 3, 0, 'EP-956-IZ', 2, '2020-12-04 18:30:00', '2020-12-04 21:00:00', 'finished', '0000-00-00 00:00:00', '0000-00-00 00:00:00'),
(23610, 5, 0, 0, 0, NULL, NULL, '2020-12-05 06:00:00', '2020-12-05 08:30:00', 'prepared', '0000-00-00 00:00:00', '0000-00-00 00:00:00'),
(23611, 5, 6, 3, 3, 'KN-172-DQ', 1, '2020-12-05 08:30:00', '2020-12-05 11:00:00', 'booked', '0000-00-00 00:00:00', '0000-00-00 00:00:00'),
(23612, 5, 17, 2, 0, 'LN-994-PV', 1, '2020-12-05 11:00:00', '2020-12-05 13:30:00', 'booked', '0000-00-00 00:00:00', '0000-00-00 00:00:00'),
(23613, 5, 9, 3, 4, 'DP-615-LU', 1, '2020-12-05 13:30:00', '2020-12-05 16:00:00', 'booked', '0000-00-00 00:00:00', '0000-00-00 00:00:00'),
(23614, 5, 3, 11, 0, 'MV-400-GS', 2, '2020-12-05 16:00:00', '2020-12-05 18:30:00', 'requested', '0000-00-00 00:00:00', '0000-00-00 00:00:00'),
(23615, 5, 6, 10, 5, 'NO-166-AK', 2, '2020-12-05 18:30:00', '2020-12-05 21:00:00', 'finished', '0000-00-00 00:00:00', '0000-00-00 00:00:00'),
(23616, 5, 0, 0, 0, NULL, NULL, '2020-12-06 07:00:00', '2020-12-06 09:30:00', 'prepared', '0000-00-00 00:00:00', '0000-00-00 00:00:00'),
(23617, 5, 0, 0, 0, NULL, NULL, '2020-12-06 09:30:00', '2020-12-06 12:00:00', 'prepared', '0000-00-00 00:00:00', '0000-00-00 00:00:00'),
(23618, 5, 10, 9, 0, 'GU-179-RY', 1, '2020-12-06 12:00:00', '2020-12-06 14:30:00', 'booked', '0000-00-00 00:00:00', '0000-00-00 00:00:00'),
(23619, 5, 0, 0, 0, NULL, NULL, '2020-12-06 14:30:00', '2020-12-06 17:00:00', 'prepared', '0000-00-00 00:00:00', '0000-00-00 00:00:00'),
(23620, 5, 0, 0, 0, NULL, NULL, '2020-12-06 17:00:00', '2020-12-06 19:30:00', 'prepared', '0000-00-00 00:00:00', '0000-00-00 00:00:00'),
(23621, 5, 0, 0, 0, NULL, NULL, '2020-12-06 19:30:00', '2020-12-06 22:00:00', 'prepared', '0000-00-00 00:00:00', '0000-00-00 00:00:00'),
(23622, 5, 13, 6, 0, 'GJ-558-OV', 1, '2020-12-07 07:00:00', '2020-12-07 09:30:00', 'booked', '0000-00-00 00:00:00', '0000-00-00 00:00:00'),
(23623, 5, 10, 12, 1, 'YZ-101-FK', 2, '2020-12-07 09:30:00', '2020-12-07 12:00:00', 'booked', '0000-00-00 00:00:00', '0000-00-00 00:00:00'),
(23624, 5, 13, 8, 0, 'FL-874-GN', 1, '2020-12-07 12:00:00', '2020-12-07 14:30:00', 'finished', '0000-00-00 00:00:00', '0000-00-00 00:00:00'),
(23625, 5, 8, 10, 14, 'MS-774-SY', 1, '2020-12-07 14:30:00', '2020-12-07 17:00:00', 'requested', '0000-00-00 00:00:00', '0000-00-00 00:00:00'),
(23626, 5, 0, 0, 0, NULL, NULL, '2020-12-07 17:00:00', '2020-12-07 19:30:00', 'prepared', '0000-00-00 00:00:00', '0000-00-00 00:00:00'),
(23627, 5, 15, 1, 13, 'IT-378-FX', 1, '2020-12-07 19:30:00', '2020-12-07 22:00:00', 'finished', '0000-00-00 00:00:00', '0000-00-00 00:00:00'),
(23628, 5, 8, 15, 7, 'WZ-137-TX', 1, '2020-12-08 07:00:00', '2020-12-08 09:30:00', 'finished', '0000-00-00 00:00:00', '0000-00-00 00:00:00'),
(23629, 5, 0, 0, 0, NULL, NULL, '2020-12-08 09:30:00', '2020-12-08 12:00:00', 'prepared', '0000-00-00 00:00:00', '0000-00-00 00:00:00'),
(23630, 5, 17, 9, 0, 'FH-487-JW', 2, '2020-12-08 12:00:00', '2020-12-08 14:30:00', 'requested', '0000-00-00 00:00:00', '0000-00-00 00:00:00'),
(23631, 5, 13, 3, 3, 'RS-573-HU', 2, '2020-12-08 14:30:00', '2020-12-08 17:00:00', 'booked', '0000-00-00 00:00:00', '0000-00-00 00:00:00'),
(23632, 5, 14, 15, 0, 'EO-481-BD', 2, '2020-12-08 17:00:00', '2020-12-08 19:30:00', 'booked', '0000-00-00 00:00:00', '0000-00-00 00:00:00'),
(23633, 5, 17, 13, 0, 'JO-911-DP', 1, '2020-12-08 19:30:00', '2020-12-08 22:00:00', 'requested', '0000-00-00 00:00:00', '0000-00-00 00:00:00'),
(23634, 5, 6, 7, 0, 'JN-257-RX', 1, '2020-12-09 07:00:00', '2020-12-09 09:30:00', 'requested', '0000-00-00 00:00:00', '0000-00-00 00:00:00'),
(23635, 5, 0, 0, 0, NULL, NULL, '2020-12-09 09:30:00', '2020-12-09 12:00:00', 'prepared', '0000-00-00 00:00:00', '0000-00-00 00:00:00'),
(23636, 5, 7, 2, 2, 'JS-860-UZ', 1, '2020-12-09 12:00:00', '2020-12-09 14:30:00', 'finished', '0000-00-00 00:00:00', '0000-00-00 00:00:00'),
(23637, 5, 17, 9, 0, 'IO-747-GL', 1, '2020-12-09 14:30:00', '2020-12-09 17:00:00', 'finished', '0000-00-00 00:00:00', '0000-00-00 00:00:00'),
(23638, 5, 13, 4, 13, 'IT-429-GU', 2, '2020-12-09 17:00:00', '2020-12-09 19:30:00', 'booked', '0000-00-00 00:00:00', '0000-00-00 00:00:00'),
(23639, 5, 6, 5, 9, 'OQ-984-IL', 2, '2020-12-09 19:30:00', '2020-12-09 22:00:00', 'requested', '0000-00-00 00:00:00', '0000-00-00 00:00:00'),
(23640, 6, 9, 3, 0, 'GK-548-DK', 2, '2020-12-03 07:00:00', '2020-12-03 09:30:00', 'requested', '0000-00-00 00:00:00', '0000-00-00 00:00:00'),
(23641, 6, 6, 6, 0, 'AV-382-CU', 1, '2020-12-03 09:30:00', '2020-12-03 12:00:00', 'finished', '0000-00-00 00:00:00', '0000-00-00 00:00:00'),
(23642, 6, 3, 16, 0, 'GP-499-OY', 2, '2020-12-03 12:00:00', '2020-12-03 14:30:00', 'finished', '0000-00-00 00:00:00', '0000-00-00 00:00:00'),
(23643, 6, 15, 3, 0, 'GI-691-VW', 1, '2020-12-03 14:30:00', '2020-12-03 17:00:00', 'booked', '0000-00-00 00:00:00', '0000-00-00 00:00:00'),
(23644, 6, 7, 12, 0, 'BZ-753-AC', 1, '2020-12-03 17:00:00', '2020-12-03 19:30:00', 'finished', '0000-00-00 00:00:00', '0000-00-00 00:00:00'),
(23645, 6, 18, 1, 0, 'SW-411-JK', 1, '2020-12-03 19:30:00', '2020-12-03 22:00:00', 'finished', '0000-00-00 00:00:00', '0000-00-00 00:00:00'),
(23646, 6, 6, 2, 15, 'DJ-591-EJ', 2, '2020-12-04 06:00:00', '2020-12-04 08:30:00', 'booked', '0000-00-00 00:00:00', '0000-00-00 00:00:00'),
(23647, 6, 13, 11, 2, 'LS-490-FY', 1, '2020-12-04 08:30:00', '2020-12-04 11:00:00', 'finished', '0000-00-00 00:00:00', '0000-00-00 00:00:00'),
(23648, 6, 17, 14, 0, 'GM-735-JL', 1, '2020-12-04 11:00:00', '2020-12-04 13:30:00', 'finished', '0000-00-00 00:00:00', '0000-00-00 00:00:00'),
(23649, 6, 10, 9, 4, 'GQ-537-RY', 2, '2020-12-04 13:30:00', '2020-12-04 16:00:00', 'requested', '0000-00-00 00:00:00', '0000-00-00 00:00:00'),
(23650, 6, 7, 3, 10, 'AN-384-CV', 2, '2020-12-04 16:00:00', '2020-12-04 18:30:00', 'finished', '0000-00-00 00:00:00', '0000-00-00 00:00:00'),
(23651, 6, 0, 0, 0, NULL, NULL, '2020-12-04 18:30:00', '2020-12-04 21:00:00', 'prepared', '0000-00-00 00:00:00', '0000-00-00 00:00:00'),
(23652, 6, 13, 15, 0, 'NR-809-DI', 2, '2020-12-05 06:00:00', '2020-12-05 08:30:00', 'booked', '0000-00-00 00:00:00', '0000-00-00 00:00:00'),
(23653, 6, 10, 15, 9, 'DM-347-FY', 2, '2020-12-05 08:30:00', '2020-12-05 11:00:00', 'requested', '0000-00-00 00:00:00', '0000-00-00 00:00:00'),
(23654, 6, 7, 4, 0, 'IJ-374-JO', 1, '2020-12-05 11:00:00', '2020-12-05 13:30:00', 'finished', '0000-00-00 00:00:00', '0000-00-00 00:00:00'),
(23655, 6, 9, 5, 5, 'HV-621-TV', 2, '2020-12-05 13:30:00', '2020-12-05 16:00:00', 'requested', '0000-00-00 00:00:00', '0000-00-00 00:00:00'),
(23656, 6, 15, 12, 1, 'DF-259-MO', 1, '2020-12-05 16:00:00', '2020-12-05 18:30:00', 'requested', '0000-00-00 00:00:00', '0000-00-00 00:00:00'),
(23657, 6, 15, 4, 0, 'DQ-474-TY', 1, '2020-12-05 18:30:00', '2020-12-05 21:00:00', 'requested', '0000-00-00 00:00:00', '0000-00-00 00:00:00'),
(23658, 6, 14, 9, 13, 'OQ-497-DR', 1, '2020-12-06 07:00:00', '2020-12-06 09:30:00', 'requested', '0000-00-00 00:00:00', '0000-00-00 00:00:00'),
(23659, 6, 3, 6, 1, 'PT-166-CO', 1, '2020-12-06 09:30:00', '2020-12-06 12:00:00', 'booked', '0000-00-00 00:00:00', '0000-00-00 00:00:00'),
(23660, 6, 9, 15, 0, 'GJ-985-BQ', 1, '2020-12-06 12:00:00', '2020-12-06 14:30:00', 'requested', '0000-00-00 00:00:00', '0000-00-00 00:00:00'),
(23661, 6, 10, 5, 0, 'OY-558-FY', 2, '2020-12-06 14:30:00', '2020-12-06 17:00:00', 'finished', '0000-00-00 00:00:00', '0000-00-00 00:00:00'),
(23662, 6, 17, 12, 15, 'GV-508-IU', 2, '2020-12-06 17:00:00', '2020-12-06 19:30:00', 'finished', '0000-00-00 00:00:00', '0000-00-00 00:00:00'),
(23663, 6, 6, 12, 4, 'FK-969-LW', 2, '2020-12-06 19:30:00', '2020-12-06 22:00:00', 'finished', '0000-00-00 00:00:00', '0000-00-00 00:00:00'),
(23664, 6, 8, 4, 0, 'RS-232-MT', 1, '2020-12-07 07:00:00', '2020-12-07 09:30:00', 'requested', '0000-00-00 00:00:00', '0000-00-00 00:00:00'),
(23665, 6, 0, 0, 0, NULL, NULL, '2020-12-07 09:30:00', '2020-12-07 12:00:00', 'prepared', '0000-00-00 00:00:00', '0000-00-00 00:00:00'),
(23666, 6, 10, 7, 0, 'GR-481-LQ', 2, '2020-12-07 12:00:00', '2020-12-07 14:30:00', 'requested', '0000-00-00 00:00:00', '0000-00-00 00:00:00'),
(23667, 6, 0, 0, 0, NULL, NULL, '2020-12-07 14:30:00', '2020-12-07 17:00:00', 'prepared', '0000-00-00 00:00:00', '0000-00-00 00:00:00'),
(23668, 6, 0, 0, 0, NULL, NULL, '2020-12-07 17:00:00', '2020-12-07 19:30:00', 'prepared', '0000-00-00 00:00:00', '0000-00-00 00:00:00'),
(23669, 6, 8, 10, 0, 'AE-351-GJ', 1, '2020-12-07 19:30:00', '2020-12-07 22:00:00', 'finished', '0000-00-00 00:00:00', '0000-00-00 00:00:00'),
(23670, 6, 14, 13, 0, 'GO-385-CT', 2, '2020-12-08 07:00:00', '2020-12-08 09:30:00', 'booked', '0000-00-00 00:00:00', '0000-00-00 00:00:00'),
(23671, 6, 13, 2, 16, 'DI-927-NQ', 1, '2020-12-08 09:30:00', '2020-12-08 12:00:00', 'requested', '0000-00-00 00:00:00', '0000-00-00 00:00:00'),
(23672, 6, 0, 0, 0, NULL, NULL, '2020-12-08 12:00:00', '2020-12-08 14:30:00', 'prepared', '0000-00-00 00:00:00', '0000-00-00 00:00:00'),
(23673, 6, 14, 14, 0, 'UZ-968-DM', 2, '2020-12-08 14:30:00', '2020-12-08 17:00:00', 'booked', '0000-00-00 00:00:00', '0000-00-00 00:00:00'),
(23674, 6, 0, 0, 0, NULL, NULL, '2020-12-08 17:00:00', '2020-12-08 19:30:00', 'prepared', '0000-00-00 00:00:00', '0000-00-00 00:00:00'),
(23675, 6, 18, 10, 0, 'LP-917-GQ', 1, '2020-12-08 19:30:00', '2020-12-08 22:00:00', 'booked', '0000-00-00 00:00:00', '0000-00-00 00:00:00'),
(23676, 6, 17, 8, 0, 'UZ-846-JR', 1, '2020-12-09 07:00:00', '2020-12-09 09:30:00', 'booked', '0000-00-00 00:00:00', '0000-00-00 00:00:00'),
(23677, 6, 9, 1, 0, 'FT-479-VX', 2, '2020-12-09 09:30:00', '2020-12-09 12:00:00', 'finished', '0000-00-00 00:00:00', '0000-00-00 00:00:00'),
(23678, 6, 10, 11, 0, 'CO-693-OP', 1, '2020-12-09 12:00:00', '2020-12-09 14:30:00', 'requested', '0000-00-00 00:00:00', '0000-00-00 00:00:00'),
(23679, 6, 6, 11, 2, 'FY-291-DZ', 2, '2020-12-09 14:30:00', '2020-12-09 17:00:00', 'requested', '0000-00-00 00:00:00', '0000-00-00 00:00:00'),
(23680, 6, 0, 0, 0, NULL, NULL, '2020-12-09 17:00:00', '2020-12-09 19:30:00', 'prepared', '0000-00-00 00:00:00', '0000-00-00 00:00:00'),
(23681, 6, 7, 13, 8, 'TW-361-IY', 1, '2020-12-09 19:30:00', '2020-12-09 22:00:00', 'finished', '0000-00-00 00:00:00', '0000-00-00 00:00:00'),
(23682, 7, 0, 0, 0, NULL, NULL, '2020-12-03 07:00:00', '2020-12-03 09:30:00', 'prepared', '0000-00-00 00:00:00', '0000-00-00 00:00:00'),
(23683, 7, 0, 0, 0, NULL, NULL, '2020-12-03 09:30:00', '2020-12-03 12:00:00', 'prepared', '0000-00-00 00:00:00', '0000-00-00 00:00:00'),
(23684, 7, 0, 0, 0, NULL, NULL, '2020-12-03 12:00:00', '2020-12-03 14:30:00', 'prepared', '0000-00-00 00:00:00', '0000-00-00 00:00:00'),
(23685, 7, 14, 7, 0, 'DU-170-DK', 1, '2020-12-03 14:30:00', '2020-12-03 17:00:00', 'requested', '0000-00-00 00:00:00', '0000-00-00 00:00:00'),
(23686, 7, 15, 9, 0, 'PT-717-PZ', 2, '2020-12-03 17:00:00', '2020-12-03 19:30:00', 'booked', '0000-00-00 00:00:00', '0000-00-00 00:00:00'),
(23687, 7, 10, 16, 0, 'PW-356-EQ', 2, '2020-12-03 19:30:00', '2020-12-03 22:00:00', 'finished', '0000-00-00 00:00:00', '0000-00-00 00:00:00'),
(23688, 7, 6, 9, 16, 'JU-347-FT', 2, '2020-12-04 06:00:00', '2020-12-04 08:30:00', 'finished', '0000-00-00 00:00:00', '0000-00-00 00:00:00'),
(23689, 7, 0, 0, 0, NULL, NULL, '2020-12-04 08:30:00', '2020-12-04 11:00:00', 'prepared', '0000-00-00 00:00:00', '0000-00-00 00:00:00'),
(23690, 7, 14, 9, 0, 'DM-697-JY', 2, '2020-12-04 11:00:00', '2020-12-04 13:30:00', 'requested', '0000-00-00 00:00:00', '0000-00-00 00:00:00'),
(23691, 7, 13, 16, 0, 'IZ-858-CZ', 2, '2020-12-04 13:30:00', '2020-12-04 16:00:00', 'requested', '0000-00-00 00:00:00', '0000-00-00 00:00:00'),
(23692, 7, 18, 11, 0, 'JS-755-FS', 1, '2020-12-04 16:00:00', '2020-12-04 18:30:00', 'requested', '0000-00-00 00:00:00', '0000-00-00 00:00:00'),
(23693, 7, 10, 2, 8, 'MY-969-LN', 2, '2020-12-04 18:30:00', '2020-12-04 21:00:00', 'finished', '0000-00-00 00:00:00', '0000-00-00 00:00:00'),
(23694, 7, 0, 0, 0, NULL, NULL, '2020-12-05 06:00:00', '2020-12-05 08:30:00', 'prepared', '0000-00-00 00:00:00', '0000-00-00 00:00:00'),
(23695, 7, 6, 14, 0, 'RX-342-LN', 1, '2020-12-05 08:30:00', '2020-12-05 11:00:00', 'booked', '0000-00-00 00:00:00', '0000-00-00 00:00:00'),
(23696, 7, 6, 1, 15, 'HT-610-MZ', 1, '2020-12-05 11:00:00', '2020-12-05 13:30:00', 'booked', '0000-00-00 00:00:00', '0000-00-00 00:00:00'),
(23697, 7, 13, 15, 1, 'IU-528-FV', 1, '2020-12-05 13:30:00', '2020-12-05 16:00:00', 'requested', '0000-00-00 00:00:00', '0000-00-00 00:00:00'),
(23698, 7, 7, 3, 0, 'AP-719-KP', 1, '2020-12-05 16:00:00', '2020-12-05 18:30:00', 'booked', '0000-00-00 00:00:00', '0000-00-00 00:00:00'),
(23699, 7, 0, 0, 0, NULL, NULL, '2020-12-05 18:30:00', '2020-12-05 21:00:00', 'prepared', '0000-00-00 00:00:00', '0000-00-00 00:00:00'),
(23700, 7, 0, 0, 0, NULL, NULL, '2020-12-06 07:00:00', '2020-12-06 09:30:00', 'prepared', '0000-00-00 00:00:00', '0000-00-00 00:00:00'),
(23701, 7, 6, 11, 8, 'KM-955-AW', 1, '2020-12-06 09:30:00', '2020-12-06 12:00:00', 'requested', '0000-00-00 00:00:00', '0000-00-00 00:00:00'),
(23702, 7, 6, 9, 0, 'AD-401-KV', 2, '2020-12-06 12:00:00', '2020-12-06 14:30:00', 'finished', '0000-00-00 00:00:00', '0000-00-00 00:00:00'),
(23703, 7, 3, 6, 3, 'JN-791-AR', 2, '2020-12-06 14:30:00', '2020-12-06 17:00:00', 'booked', '0000-00-00 00:00:00', '0000-00-00 00:00:00'),
(23704, 7, 15, 1, 0, 'EP-397-JW', 2, '2020-12-06 17:00:00', '2020-12-06 19:30:00', 'requested', '0000-00-00 00:00:00', '0000-00-00 00:00:00'),
(23705, 7, 9, 14, 6, 'ET-633-PT', 1, '2020-12-06 19:30:00', '2020-12-06 22:00:00', 'booked', '0000-00-00 00:00:00', '0000-00-00 00:00:00'),
(23706, 7, 0, 0, 0, NULL, NULL, '2020-12-07 07:00:00', '2020-12-07 09:30:00', 'prepared', '0000-00-00 00:00:00', '0000-00-00 00:00:00'),
(23707, 7, 9, 1, 0, 'IU-730-NX', 2, '2020-12-07 09:30:00', '2020-12-07 12:00:00', 'finished', '0000-00-00 00:00:00', '0000-00-00 00:00:00'),
(23708, 7, 3, 2, 5, 'KU-561-DH', 1, '2020-12-07 12:00:00', '2020-12-07 14:30:00', 'booked', '0000-00-00 00:00:00', '0000-00-00 00:00:00'),
(23709, 7, 18, 7, 0, 'CF-875-RX', 2, '2020-12-07 14:30:00', '2020-12-07 17:00:00', 'finished', '0000-00-00 00:00:00', '0000-00-00 00:00:00'),
(23710, 7, 8, 10, 14, 'RW-265-JM', 2, '2020-12-07 17:00:00', '2020-12-07 19:30:00', 'finished', '0000-00-00 00:00:00', '0000-00-00 00:00:00'),
(23711, 7, 0, 0, 0, NULL, NULL, '2020-12-07 19:30:00', '2020-12-07 22:00:00', 'prepared', '0000-00-00 00:00:00', '0000-00-00 00:00:00'),
(23712, 7, 7, 7, 14, 'OX-689-FU', 2, '2020-12-08 07:00:00', '2020-12-08 09:30:00', 'booked', '0000-00-00 00:00:00', '0000-00-00 00:00:00'),
(23713, 7, 10, 2, 0, 'AF-930-QR', 2, '2020-12-08 09:30:00', '2020-12-08 12:00:00', 'requested', '0000-00-00 00:00:00', '0000-00-00 00:00:00'),
(23714, 7, 0, 0, 0, NULL, NULL, '2020-12-08 12:00:00', '2020-12-08 14:30:00', 'prepared', '0000-00-00 00:00:00', '0000-00-00 00:00:00'),
(23715, 7, 17, 14, 15, 'SV-694-MN', 1, '2020-12-08 14:30:00', '2020-12-08 17:00:00', 'finished', '0000-00-00 00:00:00', '0000-00-00 00:00:00'),
(23716, 7, 0, 0, 0, NULL, NULL, '2020-12-08 17:00:00', '2020-12-08 19:30:00', 'prepared', '0000-00-00 00:00:00', '0000-00-00 00:00:00'),
(23717, 7, 8, 6, 0, 'FU-141-BG', 2, '2020-12-08 19:30:00', '2020-12-08 22:00:00', 'requested', '0000-00-00 00:00:00', '0000-00-00 00:00:00'),
(23718, 7, 15, 4, 5, 'AF-278-HQ', 2, '2020-12-09 07:00:00', '2020-12-09 09:30:00', 'finished', '0000-00-00 00:00:00', '0000-00-00 00:00:00'),
(23719, 7, 8, 10, 0, 'AK-960-HW', 2, '2020-12-09 09:30:00', '2020-12-09 12:00:00', 'booked', '0000-00-00 00:00:00', '0000-00-00 00:00:00'),
(23720, 7, 18, 15, 4, 'LU-421-BG', 1, '2020-12-09 12:00:00', '2020-12-09 14:30:00', 'finished', '0000-00-00 00:00:00', '0000-00-00 00:00:00'),
(23721, 7, 18, 14, 9, 'GU-296-GY', 2, '2020-12-09 14:30:00', '2020-12-09 17:00:00', 'booked', '0000-00-00 00:00:00', '0000-00-00 00:00:00'),
(23722, 7, 9, 4, 12, 'GZ-299-NU', 2, '2020-12-09 17:00:00', '2020-12-09 19:30:00', 'booked', '0000-00-00 00:00:00', '0000-00-00 00:00:00'),
(23723, 7, 17, 15, 9, 'WY-638-QW', 1, '2020-12-09 19:30:00', '2020-12-09 22:00:00', 'booked', '0000-00-00 00:00:00', '0000-00-00 00:00:00'),
(23724, 8, 8, 16, 6, 'NU-401-MW', 2, '2020-12-03 07:00:00', '2020-12-03 09:30:00', 'booked', '0000-00-00 00:00:00', '0000-00-00 00:00:00'),
(23725, 8, 7, 3, 16, 'RU-534-LT', 2, '2020-12-03 09:30:00', '2020-12-03 12:00:00', 'finished', '0000-00-00 00:00:00', '0000-00-00 00:00:00'),
(23726, 8, 8, 1, 8, 'DX-422-VZ', 2, '2020-12-03 12:00:00', '2020-12-03 14:30:00', 'booked', '0000-00-00 00:00:00', '0000-00-00 00:00:00'),
(23727, 8, 17, 2, 1, 'PS-525-CM', 1, '2020-12-03 14:30:00', '2020-12-03 17:00:00', 'booked', '0000-00-00 00:00:00', '0000-00-00 00:00:00'),
(23728, 8, 6, 8, 0, 'CR-549-IT', 1, '2020-12-03 17:00:00', '2020-12-03 19:30:00', 'finished', '0000-00-00 00:00:00', '0000-00-00 00:00:00'),
(23729, 8, 3, 1, 0, 'AU-900-DL', 1, '2020-12-03 19:30:00', '2020-12-03 22:00:00', 'requested', '0000-00-00 00:00:00', '0000-00-00 00:00:00'),
(23730, 8, 7, 6, 5, 'LS-126-PS', 1, '2020-12-04 06:00:00', '2020-12-04 08:30:00', 'requested', '0000-00-00 00:00:00', '0000-00-00 00:00:00'),
(23731, 8, 9, 16, 0, 'ER-654-DS', 1, '2020-12-04 08:30:00', '2020-12-04 11:00:00', 'finished', '0000-00-00 00:00:00', '0000-00-00 00:00:00'),
(23732, 8, 15, 12, 0, 'MP-608-GQ', 1, '2020-12-04 11:00:00', '2020-12-04 13:30:00', 'booked', '0000-00-00 00:00:00', '0000-00-00 00:00:00'),
(23733, 8, 9, 16, 13, 'HY-568-AN', 2, '2020-12-04 13:30:00', '2020-12-04 16:00:00', 'booked', '0000-00-00 00:00:00', '0000-00-00 00:00:00'),
(23734, 8, 18, 6, 15, 'DR-244-CN', 2, '2020-12-04 16:00:00', '2020-12-04 18:30:00', 'booked', '0000-00-00 00:00:00', '0000-00-00 00:00:00'),
(23735, 8, 3, 7, 15, 'JY-902-JT', 1, '2020-12-04 18:30:00', '2020-12-04 21:00:00', 'booked', '0000-00-00 00:00:00', '0000-00-00 00:00:00'),
(23736, 8, 18, 8, 0, 'AZ-289-SZ', 1, '2020-12-05 06:00:00', '2020-12-05 08:30:00', 'finished', '0000-00-00 00:00:00', '0000-00-00 00:00:00'),
(23737, 8, 3, 1, 5, 'QW-133-YZ', 1, '2020-12-05 08:30:00', '2020-12-05 11:00:00', 'booked', '0000-00-00 00:00:00', '0000-00-00 00:00:00'),
(23738, 8, 9, 8, 0, 'NP-451-FY', 2, '2020-12-05 11:00:00', '2020-12-05 13:30:00', 'requested', '0000-00-00 00:00:00', '0000-00-00 00:00:00'),
(23739, 8, 18, 16, 2, 'JM-847-UX', 2, '2020-12-05 13:30:00', '2020-12-05 16:00:00', 'booked', '0000-00-00 00:00:00', '0000-00-00 00:00:00'),
(23740, 8, 13, 5, 0, 'OQ-510-IL', 2, '2020-12-05 16:00:00', '2020-12-05 18:30:00', 'finished', '0000-00-00 00:00:00', '0000-00-00 00:00:00'),
(23741, 8, 13, 13, 0, 'SX-561-FS', 1, '2020-12-05 18:30:00', '2020-12-05 21:00:00', 'requested', '0000-00-00 00:00:00', '0000-00-00 00:00:00'),
(23742, 8, 3, 1, 16, 'LR-666-CQ', 1, '2020-12-06 07:00:00', '2020-12-06 09:30:00', 'finished', '0000-00-00 00:00:00', '0000-00-00 00:00:00'),
(23743, 8, 0, 0, 0, NULL, NULL, '2020-12-06 09:30:00', '2020-12-06 12:00:00', 'prepared', '0000-00-00 00:00:00', '0000-00-00 00:00:00'),
(23744, 8, 3, 3, 11, 'UX-135-RS', 2, '2020-12-06 12:00:00', '2020-12-06 14:30:00', 'booked', '0000-00-00 00:00:00', '0000-00-00 00:00:00'),
(23745, 8, 15, 14, 0, 'BX-637-CR', 1, '2020-12-06 14:30:00', '2020-12-06 17:00:00', 'finished', '0000-00-00 00:00:00', '0000-00-00 00:00:00'),
(23746, 8, 3, 16, 15, 'TW-457-EY', 2, '2020-12-06 17:00:00', '2020-12-06 19:30:00', 'finished', '0000-00-00 00:00:00', '0000-00-00 00:00:00'),
(23747, 8, 8, 12, 2, 'DF-596-DX', 1, '2020-12-06 19:30:00', '2020-12-06 22:00:00', 'booked', '0000-00-00 00:00:00', '0000-00-00 00:00:00'),
(23748, 8, 0, 0, 0, NULL, NULL, '2020-12-07 07:00:00', '2020-12-07 09:30:00', 'prepared', '0000-00-00 00:00:00', '0000-00-00 00:00:00'),
(23749, 8, 18, 15, 10, 'LX-814-DV', 2, '2020-12-07 09:30:00', '2020-12-07 12:00:00', 'requested', '0000-00-00 00:00:00', '0000-00-00 00:00:00'),
(23750, 8, 10, 9, 12, 'LO-505-GJ', 1, '2020-12-07 12:00:00', '2020-12-07 14:30:00', 'booked', '0000-00-00 00:00:00', '0000-00-00 00:00:00'),
(23751, 8, 10, 13, 6, 'AI-112-PY', 2, '2020-12-07 14:30:00', '2020-12-07 17:00:00', 'requested', '0000-00-00 00:00:00', '0000-00-00 00:00:00'),
(23752, 8, 0, 0, 0, NULL, NULL, '2020-12-07 17:00:00', '2020-12-07 19:30:00', 'prepared', '0000-00-00 00:00:00', '0000-00-00 00:00:00'),
(23753, 8, 8, 5, 0, 'VW-127-IM', 1, '2020-12-07 19:30:00', '2020-12-07 22:00:00', 'booked', '0000-00-00 00:00:00', '0000-00-00 00:00:00'),
(23754, 8, 6, 13, 0, 'DK-365-MQ', 1, '2020-12-08 07:00:00', '2020-12-08 09:30:00', 'finished', '0000-00-00 00:00:00', '0000-00-00 00:00:00'),
(23755, 8, 0, 0, 0, NULL, NULL, '2020-12-08 09:30:00', '2020-12-08 12:00:00', 'prepared', '0000-00-00 00:00:00', '0000-00-00 00:00:00'),
(23756, 8, 8, 8, 5, 'CK-902-TX', 1, '2020-12-08 12:00:00', '2020-12-08 14:30:00', 'booked', '0000-00-00 00:00:00', '0000-00-00 00:00:00'),
(23757, 8, 17, 5, 0, 'NX-785-KZ', 2, '2020-12-08 14:30:00', '2020-12-08 17:00:00', 'requested', '0000-00-00 00:00:00', '0000-00-00 00:00:00'),
(23758, 8, 14, 9, 1, 'MY-915-FP', 2, '2020-12-08 17:00:00', '2020-12-08 19:30:00', 'requested', '0000-00-00 00:00:00', '0000-00-00 00:00:00'),
(23759, 8, 0, 0, 0, NULL, NULL, '2020-12-08 19:30:00', '2020-12-08 22:00:00', 'prepared', '0000-00-00 00:00:00', '0000-00-00 00:00:00'),
(23760, 8, 17, 12, 0, 'RY-600-PQ', 1, '2020-12-09 07:00:00', '2020-12-09 09:30:00', 'booked', '0000-00-00 00:00:00', '0000-00-00 00:00:00'),
(23761, 8, 14, 7, 0, 'WY-643-DK', 1, '2020-12-09 09:30:00', '2020-12-09 12:00:00', 'booked', '0000-00-00 00:00:00', '0000-00-00 00:00:00'),
(23762, 8, 10, 11, 0, 'GT-699-AH', 2, '2020-12-09 12:00:00', '2020-12-09 14:30:00', 'finished', '0000-00-00 00:00:00', '0000-00-00 00:00:00'),
(23763, 8, 0, 0, 0, NULL, NULL, '2020-12-09 14:30:00', '2020-12-09 17:00:00', 'prepared', '0000-00-00 00:00:00', '0000-00-00 00:00:00'),
(23764, 8, 0, 0, 0, NULL, NULL, '2020-12-09 17:00:00', '2020-12-09 19:30:00', 'prepared', '0000-00-00 00:00:00', '0000-00-00 00:00:00'),
(23765, 8, 15, 10, 0, 'AL-583-XY', 1, '2020-12-09 19:30:00', '2020-12-09 22:00:00', 'requested', '0000-00-00 00:00:00', '0000-00-00 00:00:00'),
(23766, 9, 18, 6, 0, 'PV-268-NO', 2, '2020-12-03 07:00:00', '2020-12-03 09:30:00', 'finished', '0000-00-00 00:00:00', '0000-00-00 00:00:00'),
(23767, 9, 3, 4, 0, 'JN-241-QR', 2, '2020-12-03 09:30:00', '2020-12-03 12:00:00', 'requested', '0000-00-00 00:00:00', '0000-00-00 00:00:00'),
(23768, 9, 0, 0, 0, NULL, NULL, '2020-12-03 12:00:00', '2020-12-03 14:30:00', 'prepared', '0000-00-00 00:00:00', '0000-00-00 00:00:00'),
(23769, 9, 0, 0, 0, NULL, NULL, '2020-12-03 14:30:00', '2020-12-03 17:00:00', 'prepared', '0000-00-00 00:00:00', '0000-00-00 00:00:00'),
(23770, 9, 6, 16, 5, 'JV-545-FL', 1, '2020-12-03 17:00:00', '2020-12-03 19:30:00', 'finished', '0000-00-00 00:00:00', '0000-00-00 00:00:00'),
(23771, 9, 6, 6, 14, 'IJ-576-EO', 2, '2020-12-03 19:30:00', '2020-12-03 22:00:00', 'requested', '0000-00-00 00:00:00', '0000-00-00 00:00:00'),
(23772, 9, 3, 8, 9, 'EI-230-QR', 1, '2020-12-04 06:00:00', '2020-12-04 08:30:00', 'booked', '0000-00-00 00:00:00', '0000-00-00 00:00:00'),
(23773, 9, 7, 12, 11, 'AI-285-WZ', 2, '2020-12-04 08:30:00', '2020-12-04 11:00:00', 'booked', '0000-00-00 00:00:00', '0000-00-00 00:00:00'),
(23774, 9, 13, 10, 13, 'CH-511-DQ', 2, '2020-12-04 11:00:00', '2020-12-04 13:30:00', 'booked', '0000-00-00 00:00:00', '0000-00-00 00:00:00'),
(23775, 9, 6, 9, 16, 'AN-196-AE', 1, '2020-12-04 13:30:00', '2020-12-04 16:00:00', 'finished', '0000-00-00 00:00:00', '0000-00-00 00:00:00'),
(23776, 9, 0, 0, 0, NULL, NULL, '2020-12-04 16:00:00', '2020-12-04 18:30:00', 'prepared', '0000-00-00 00:00:00', '0000-00-00 00:00:00'),
(23777, 9, 13, 2, 10, 'LZ-955-BH', 1, '2020-12-04 18:30:00', '2020-12-04 21:00:00', 'finished', '0000-00-00 00:00:00', '0000-00-00 00:00:00'),
(23778, 9, 0, 0, 0, NULL, NULL, '2020-12-05 06:00:00', '2020-12-05 08:30:00', 'prepared', '0000-00-00 00:00:00', '0000-00-00 00:00:00'),
(23779, 9, 0, 0, 0, NULL, NULL, '2020-12-05 08:30:00', '2020-12-05 11:00:00', 'prepared', '0000-00-00 00:00:00', '0000-00-00 00:00:00'),
(23780, 9, 0, 0, 0, NULL, NULL, '2020-12-05 11:00:00', '2020-12-05 13:30:00', 'prepared', '0000-00-00 00:00:00', '0000-00-00 00:00:00'),
(23781, 9, 15, 11, 0, 'RY-571-HI', 1, '2020-12-05 13:30:00', '2020-12-05 16:00:00', 'booked', '0000-00-00 00:00:00', '0000-00-00 00:00:00'),
(23782, 9, 15, 2, 1, 'GR-822-CP', 1, '2020-12-05 16:00:00', '2020-12-05 18:30:00', 'requested', '0000-00-00 00:00:00', '0000-00-00 00:00:00'),
(23783, 9, 7, 9, 16, 'DK-765-OP', 1, '2020-12-05 18:30:00', '2020-12-05 21:00:00', 'finished', '0000-00-00 00:00:00', '0000-00-00 00:00:00'),
(23784, 9, 14, 14, 6, 'FH-937-PZ', 2, '2020-12-06 07:00:00', '2020-12-06 09:30:00', 'requested', '0000-00-00 00:00:00', '0000-00-00 00:00:00'),
(23785, 9, 10, 6, 0, 'JN-226-PS', 2, '2020-12-06 09:30:00', '2020-12-06 12:00:00', 'requested', '0000-00-00 00:00:00', '0000-00-00 00:00:00'),
(23786, 9, 14, 1, 0, 'JT-264-ER', 2, '2020-12-06 12:00:00', '2020-12-06 14:30:00', 'finished', '0000-00-00 00:00:00', '0000-00-00 00:00:00'),
(23787, 9, 17, 8, 0, 'LW-592-BO', 2, '2020-12-06 14:30:00', '2020-12-06 17:00:00', 'requested', '0000-00-00 00:00:00', '0000-00-00 00:00:00');
INSERT INTO `time_slot` (`id`, `id_gate`, `id_external_dispatcher`, `id_truck_driver_1`, `id_truck_driver_2`, `evc_truck`, `id_destination_order`, `start_date_time`, `end_date_time`, `state`, `ocupide_start_time`, `ocupide_end_time`) VALUES
(23788, 9, 18, 5, 10, 'KZ-507-GV', 2, '2020-12-06 17:00:00', '2020-12-06 19:30:00', 'booked', '0000-00-00 00:00:00', '0000-00-00 00:00:00'),
(23789, 9, 14, 6, 0, 'OS-889-DP', 2, '2020-12-06 19:30:00', '2020-12-06 22:00:00', 'requested', '0000-00-00 00:00:00', '0000-00-00 00:00:00'),
(23790, 9, 14, 12, 0, 'HL-951-BP', 1, '2020-12-07 07:00:00', '2020-12-07 09:30:00', 'booked', '0000-00-00 00:00:00', '0000-00-00 00:00:00'),
(23791, 9, 15, 8, 0, 'NW-529-BP', 1, '2020-12-07 09:30:00', '2020-12-07 12:00:00', 'finished', '0000-00-00 00:00:00', '0000-00-00 00:00:00'),
(23792, 9, 15, 1, 7, 'LN-670-AU', 2, '2020-12-07 12:00:00', '2020-12-07 14:30:00', 'requested', '0000-00-00 00:00:00', '0000-00-00 00:00:00'),
(23793, 9, 6, 10, 16, 'DX-957-BI', 1, '2020-12-07 14:30:00', '2020-12-07 17:00:00', 'booked', '0000-00-00 00:00:00', '0000-00-00 00:00:00'),
(23794, 9, 17, 5, 0, 'FK-818-FG', 2, '2020-12-07 17:00:00', '2020-12-07 19:30:00', 'requested', '0000-00-00 00:00:00', '0000-00-00 00:00:00'),
(23795, 9, 8, 16, 0, 'EV-439-GN', 2, '2020-12-07 19:30:00', '2020-12-07 22:00:00', 'finished', '0000-00-00 00:00:00', '0000-00-00 00:00:00'),
(23796, 9, 3, 2, 0, 'NX-891-AE', 1, '2020-12-08 07:00:00', '2020-12-08 09:30:00', 'booked', '0000-00-00 00:00:00', '0000-00-00 00:00:00'),
(23797, 9, 10, 6, 0, 'MX-605-NO', 2, '2020-12-08 09:30:00', '2020-12-08 12:00:00', 'booked', '0000-00-00 00:00:00', '0000-00-00 00:00:00'),
(23798, 9, 3, 16, 8, 'IP-678-GR', 2, '2020-12-08 12:00:00', '2020-12-08 14:30:00', 'booked', '0000-00-00 00:00:00', '0000-00-00 00:00:00'),
(23799, 9, 0, 0, 0, NULL, NULL, '2020-12-08 14:30:00', '2020-12-08 17:00:00', 'prepared', '0000-00-00 00:00:00', '0000-00-00 00:00:00'),
(23800, 9, 0, 0, 0, NULL, NULL, '2020-12-08 17:00:00', '2020-12-08 19:30:00', 'prepared', '0000-00-00 00:00:00', '0000-00-00 00:00:00'),
(23801, 9, 8, 11, 0, 'IM-871-SW', 1, '2020-12-08 19:30:00', '2020-12-08 22:00:00', 'requested', '0000-00-00 00:00:00', '0000-00-00 00:00:00'),
(23802, 9, 13, 11, 6, 'EH-398-TW', 1, '2020-12-09 07:00:00', '2020-12-09 09:30:00', 'requested', '0000-00-00 00:00:00', '0000-00-00 00:00:00'),
(23803, 9, 3, 4, 4, 'BM-873-AP', 1, '2020-12-09 09:30:00', '2020-12-09 12:00:00', 'requested', '0000-00-00 00:00:00', '0000-00-00 00:00:00'),
(23804, 9, 13, 10, 10, 'IP-165-AU', 1, '2020-12-09 12:00:00', '2020-12-09 14:30:00', 'booked', '0000-00-00 00:00:00', '0000-00-00 00:00:00'),
(23805, 9, 6, 8, 0, 'DE-220-HP', 1, '2020-12-09 14:30:00', '2020-12-09 17:00:00', 'finished', '0000-00-00 00:00:00', '0000-00-00 00:00:00'),
(23806, 9, 7, 14, 15, 'GM-861-SW', 2, '2020-12-09 17:00:00', '2020-12-09 19:30:00', 'booked', '0000-00-00 00:00:00', '0000-00-00 00:00:00'),
(23807, 9, 7, 6, 3, 'SW-936-HL', 2, '2020-12-09 19:30:00', '2020-12-09 22:00:00', 'finished', '0000-00-00 00:00:00', '0000-00-00 00:00:00'),
(23808, 10, 10, 2, 0, 'MW-498-ER', 2, '2020-12-03 07:00:00', '2020-12-03 09:30:00', 'finished', '0000-00-00 00:00:00', '0000-00-00 00:00:00'),
(23809, 10, 8, 4, 5, 'KZ-151-CM', 2, '2020-12-03 09:30:00', '2020-12-03 12:00:00', 'requested', '0000-00-00 00:00:00', '0000-00-00 00:00:00'),
(23810, 10, 3, 14, 0, 'IJ-254-DR', 1, '2020-12-03 12:00:00', '2020-12-03 14:30:00', 'finished', '0000-00-00 00:00:00', '0000-00-00 00:00:00'),
(23811, 10, 9, 4, 0, 'HI-705-CP', 2, '2020-12-03 14:30:00', '2020-12-03 17:00:00', 'booked', '0000-00-00 00:00:00', '0000-00-00 00:00:00'),
(23812, 10, 15, 16, 0, 'JX-742-AW', 2, '2020-12-03 17:00:00', '2020-12-03 19:30:00', 'finished', '0000-00-00 00:00:00', '0000-00-00 00:00:00'),
(23813, 10, 8, 8, 3, 'OS-654-AN', 1, '2020-12-03 19:30:00', '2020-12-03 22:00:00', 'finished', '0000-00-00 00:00:00', '0000-00-00 00:00:00'),
(23814, 10, 14, 2, 0, 'QT-334-KO', 2, '2020-12-04 06:00:00', '2020-12-04 08:30:00', 'requested', '0000-00-00 00:00:00', '0000-00-00 00:00:00'),
(23815, 10, 0, 0, 0, NULL, NULL, '2020-12-04 08:30:00', '2020-12-04 11:00:00', 'prepared', '0000-00-00 00:00:00', '0000-00-00 00:00:00'),
(23816, 10, 7, 12, 1, 'CI-803-OS', 2, '2020-12-04 11:00:00', '2020-12-04 13:30:00', 'booked', '0000-00-00 00:00:00', '0000-00-00 00:00:00'),
(23817, 10, 14, 4, 0, 'RV-680-FP', 2, '2020-12-04 13:30:00', '2020-12-04 16:00:00', 'booked', '0000-00-00 00:00:00', '0000-00-00 00:00:00'),
(23818, 10, 13, 14, 0, 'WX-727-BJ', 2, '2020-12-04 16:00:00', '2020-12-04 18:30:00', 'requested', '0000-00-00 00:00:00', '0000-00-00 00:00:00'),
(23819, 10, 9, 12, 0, 'NS-668-UX', 1, '2020-12-04 18:30:00', '2020-12-04 21:00:00', 'booked', '0000-00-00 00:00:00', '0000-00-00 00:00:00'),
(23820, 10, 10, 5, 2, 'HY-998-BU', 2, '2020-12-05 06:00:00', '2020-12-05 08:30:00', 'requested', '0000-00-00 00:00:00', '0000-00-00 00:00:00'),
(23821, 10, 18, 10, 12, 'IJ-518-QZ', 1, '2020-12-05 08:30:00', '2020-12-05 11:00:00', 'finished', '0000-00-00 00:00:00', '0000-00-00 00:00:00'),
(23822, 10, 15, 8, 0, 'MP-518-DX', 1, '2020-12-05 11:00:00', '2020-12-05 13:30:00', 'finished', '0000-00-00 00:00:00', '0000-00-00 00:00:00'),
(23823, 10, 10, 9, 0, 'KN-634-ES', 1, '2020-12-05 13:30:00', '2020-12-05 16:00:00', 'requested', '0000-00-00 00:00:00', '0000-00-00 00:00:00'),
(23824, 10, 0, 0, 0, NULL, NULL, '2020-12-05 16:00:00', '2020-12-05 18:30:00', 'prepared', '0000-00-00 00:00:00', '0000-00-00 00:00:00'),
(23825, 10, 17, 15, 0, 'AG-339-DI', 1, '2020-12-05 18:30:00', '2020-12-05 21:00:00', 'requested', '0000-00-00 00:00:00', '0000-00-00 00:00:00'),
(23826, 10, 18, 4, 0, 'KU-340-YZ', 1, '2020-12-06 07:00:00', '2020-12-06 09:30:00', 'booked', '0000-00-00 00:00:00', '0000-00-00 00:00:00'),
(23827, 10, 14, 10, 0, 'ER-570-OZ', 2, '2020-12-06 09:30:00', '2020-12-06 12:00:00', 'finished', '0000-00-00 00:00:00', '0000-00-00 00:00:00'),
(23828, 10, 0, 0, 0, NULL, NULL, '2020-12-06 12:00:00', '2020-12-06 14:30:00', 'prepared', '0000-00-00 00:00:00', '0000-00-00 00:00:00'),
(23829, 10, 0, 0, 0, NULL, NULL, '2020-12-06 14:30:00', '2020-12-06 17:00:00', 'prepared', '0000-00-00 00:00:00', '0000-00-00 00:00:00'),
(23830, 10, 14, 5, 0, 'FI-193-DW', 1, '2020-12-06 17:00:00', '2020-12-06 19:30:00', 'finished', '0000-00-00 00:00:00', '0000-00-00 00:00:00'),
(23831, 10, 18, 13, 0, 'DX-934-IL', 2, '2020-12-06 19:30:00', '2020-12-06 22:00:00', 'requested', '0000-00-00 00:00:00', '0000-00-00 00:00:00'),
(23832, 10, 9, 2, 5, 'IX-442-EP', 2, '2020-12-07 07:00:00', '2020-12-07 09:30:00', 'finished', '0000-00-00 00:00:00', '0000-00-00 00:00:00'),
(23833, 10, 17, 16, 0, 'GU-594-GI', 1, '2020-12-07 09:30:00', '2020-12-07 12:00:00', 'finished', '0000-00-00 00:00:00', '0000-00-00 00:00:00'),
(23834, 10, 13, 11, 0, 'XZ-384-KL', 1, '2020-12-07 12:00:00', '2020-12-07 14:30:00', 'booked', '0000-00-00 00:00:00', '0000-00-00 00:00:00'),
(23835, 10, 0, 0, 0, NULL, NULL, '2020-12-07 14:30:00', '2020-12-07 17:00:00', 'prepared', '0000-00-00 00:00:00', '0000-00-00 00:00:00'),
(23836, 10, 8, 16, 0, 'MV-257-HM', 2, '2020-12-07 17:00:00', '2020-12-07 19:30:00', 'requested', '0000-00-00 00:00:00', '0000-00-00 00:00:00'),
(23837, 10, 9, 14, 13, 'AI-740-DX', 2, '2020-12-07 19:30:00', '2020-12-07 22:00:00', 'booked', '0000-00-00 00:00:00', '0000-00-00 00:00:00'),
(23838, 10, 18, 15, 11, 'AJ-813-FX', 2, '2020-12-08 07:00:00', '2020-12-08 09:30:00', 'finished', '0000-00-00 00:00:00', '0000-00-00 00:00:00'),
(23839, 10, 3, 3, 6, 'JN-296-CO', 2, '2020-12-08 09:30:00', '2020-12-08 12:00:00', 'finished', '0000-00-00 00:00:00', '0000-00-00 00:00:00'),
(23840, 10, 17, 7, 0, 'KR-444-IR', 2, '2020-12-08 12:00:00', '2020-12-08 14:30:00', 'booked', '0000-00-00 00:00:00', '0000-00-00 00:00:00'),
(23841, 10, 13, 13, 8, 'EH-477-PX', 2, '2020-12-08 14:30:00', '2020-12-08 17:00:00', 'finished', '0000-00-00 00:00:00', '0000-00-00 00:00:00'),
(23842, 10, 15, 10, 0, 'NX-277-NO', 2, '2020-12-08 17:00:00', '2020-12-08 19:30:00', 'booked', '0000-00-00 00:00:00', '0000-00-00 00:00:00'),
(23843, 10, 0, 0, 0, NULL, NULL, '2020-12-08 19:30:00', '2020-12-08 22:00:00', 'prepared', '0000-00-00 00:00:00', '0000-00-00 00:00:00'),
(23844, 10, 8, 1, 0, 'LQ-696-CX', 2, '2020-12-09 07:00:00', '2020-12-09 09:30:00', 'booked', '0000-00-00 00:00:00', '0000-00-00 00:00:00'),
(23845, 10, 18, 1, 0, 'HV-128-IN', 1, '2020-12-09 09:30:00', '2020-12-09 12:00:00', 'booked', '0000-00-00 00:00:00', '0000-00-00 00:00:00'),
(23846, 10, 14, 8, 0, 'JQ-541-FO', 1, '2020-12-09 12:00:00', '2020-12-09 14:30:00', 'booked', '0000-00-00 00:00:00', '0000-00-00 00:00:00'),
(23847, 10, 7, 10, 0, 'AO-956-BI', 1, '2020-12-09 14:30:00', '2020-12-09 17:00:00', 'finished', '0000-00-00 00:00:00', '0000-00-00 00:00:00'),
(23848, 10, 8, 7, 7, 'FT-114-BG', 2, '2020-12-09 17:00:00', '2020-12-09 19:30:00', 'requested', '0000-00-00 00:00:00', '0000-00-00 00:00:00'),
(23849, 10, 17, 6, 3, 'WX-122-BI', 1, '2020-12-09 19:30:00', '2020-12-09 22:00:00', 'booked', '0000-00-00 00:00:00', '0000-00-00 00:00:00');

-- --------------------------------------------------------

--
-- Table structure for table `truck_driver`
--

CREATE TABLE IF NOT EXISTS `truck_driver` (
  `id` int(11) NOT NULL AUTO_INCREMENT,
  `full_name` varchar(50) COLLATE utf8_slovak_ci NOT NULL,
  PRIMARY KEY (`id`)
) ENGINE=InnoDB  DEFAULT CHARSET=utf8 COLLATE=utf8_slovak_ci AUTO_INCREMENT=17 ;

--
-- Dumping data for table `truck_driver`
--

INSERT INTO `truck_driver` (`id`, `full_name`) VALUES
(1, 'Jozko Zlaty'),
(2, 'Ferko Mrkvicka'),
(3, 'Alica Zazrakov'),
(4, 'Zlatka zlta'),
(5, 'Kamiom kamionisticky'),
(6, 'Iba kamion'),
(7, 'Nie niesomKamion'),
(8, 'Hmm Hmmmm'),
(9, 'A Haaaa'),
(10, 'Juraj Oslovsky'),
(11, 'Zabka Zabkova'),
(12, 'Sused Neverni'),
(13, 'Kamarat Parohac'),
(14, 'Janko Hrasko'),
(15, 'Hrasko Janko'),
(16, 'Sarsa Mafia1');

/*!40101 SET CHARACTER_SET_CLIENT=@OLD_CHARACTER_SET_CLIENT */;
/*!40101 SET CHARACTER_SET_RESULTS=@OLD_CHARACTER_SET_RESULTS */;
/*!40101 SET COLLATION_CONNECTION=@OLD_COLLATION_CONNECTION */;
