-- phpMyAdmin SQL Dump
-- version 4.0.4.2
-- http://www.phpmyadmin.net
--
-- Host: localhost
-- Generation Time: Dec 16, 2020 at 01:54 AM
-- Server version: 5.6.13
-- PHP Version: 5.4.17

SET SQL_MODE = "NO_AUTO_VALUE_ON_ZERO";
SET time_zone = "+00:00";


/*!40101 SET @OLD_CHARACTER_SET_CLIENT=@@CHARACTER_SET_CLIENT */;
/*!40101 SET @OLD_CHARACTER_SET_RESULTS=@@CHARACTER_SET_RESULTS */;
/*!40101 SET @OLD_COLLATION_CONNECTION=@@COLLATION_CONNECTION */;
/*!40101 SET NAMES utf8 */;

--
-- Database: `tis`
--
CREATE DATABASE IF NOT EXISTS `tis` DEFAULT CHARACTER SET utf8 COLLATE utf8_slovak_ci;
USE `tis`;

DELIMITER $$
--
-- Procedures
--
CREATE DEFINER=`root`@`localhost` PROCEDURE `generate_data`()
BEGIN
  DECLARE i INT DEFAULT 0;
  WHILE i < 1000 DO
    (SELECT RAND()*10);
    SET i = i + 1;
END WHILE;
END$$

DELIMITER ;

-- --------------------------------------------------------

--
-- Table structure for table `config_start_end_working`
--

CREATE TABLE IF NOT EXISTS `config_start_end_working` (
  `id` int(11) NOT NULL AUTO_INCREMENT,
  `starting_hour` decimal(11,1) NOT NULL,
  `ending_hour` decimal(11,1) NOT NULL,
  `exception_status` tinyint(1) NOT NULL DEFAULT '0',
  PRIMARY KEY (`id`)
) ENGINE=InnoDB  DEFAULT CHARSET=utf8 COLLATE=utf8_slovak_ci AUTO_INCREMENT=8 ;

--
-- Dumping data for table `config_start_end_working`
--

INSERT INTO `config_start_end_working` (`id`, `starting_hour`, `ending_hour`, `exception_status`) VALUES
(1, '7.0', '22.0', 1),
(2, '7.0', '22.0', 1),
(3, '6.0', '22.0', 1),
(4, '7.0', '22.0', 0),
(5, '7.0', '22.0', 0),
(6, '0.0', '0.0', 0),
(7, '0.0', '0.0', 0);

-- --------------------------------------------------------

--
-- Table structure for table `destination_cargo`
--

CREATE TABLE IF NOT EXISTS `destination_cargo` (
  `id` int(11) NOT NULL AUTO_INCREMENT,
  `destination` varchar(50) COLLATE utf8_slovak_ci NOT NULL,
  `cargo` varchar(100) COLLATE utf8_slovak_ci NOT NULL,
  PRIMARY KEY (`id`)
) ENGINE=InnoDB  DEFAULT CHARSET=utf8 COLLATE=utf8_slovak_ci AUTO_INCREMENT=3 ;

--
-- Dumping data for table `destination_cargo`
--

INSERT INTO `destination_cargo` (`id`, `destination`, `cargo`) VALUES
(1, 'Bratislava', '9x auto typu: BMW'),
(2, 'Vrakuna', '9x auto typu: AUDI');

-- --------------------------------------------------------

--
-- Table structure for table `dump_table`
--

CREATE TABLE IF NOT EXISTS `dump_table` (
  `id` int(11) NOT NULL,
  `gate_number` int(11) NOT NULL,
  `company_name` varchar(50) COLLATE utf8_slovak_ci NOT NULL,
  `first_ruck_driver` varchar(50) COLLATE utf8_slovak_ci NOT NULL,
  `second_ruck_driver` varchar(50) COLLATE utf8_slovak_ci NOT NULL,
  `truck_number` varchar(50) COLLATE utf8_slovak_ci NOT NULL,
  `destination` varchar(50) COLLATE utf8_slovak_ci NOT NULL,
  `cargo` varchar(200) COLLATE utf8_slovak_ci NOT NULL,
  `start_date_time_slot` timestamp NOT NULL DEFAULT '0000-00-00 00:00:00',
  `end_date_time_slot` timestamp NOT NULL DEFAULT '0000-00-00 00:00:00',
  `state` varchar(10) COLLATE utf8_slovak_ci NOT NULL,
  PRIMARY KEY (`id`)
) ENGINE=InnoDB DEFAULT CHARSET=utf8 COLLATE=utf8_slovak_ci;

--
-- Dumping data for table `dump_table`
--

INSERT INTO `dump_table` (`id`, `gate_number`, `company_name`, `first_ruck_driver`, `second_ruck_driver`, `truck_number`, `destination`, `cargo`, `start_date_time_slot`, `end_date_time_slot`, `state`) VALUES
(41016, 1, '', '', '', '', '', '', '2020-12-08 06:00:00', '2020-12-08 08:30:00', 'prepared'),
(41017, 1, 'TRIV, s.r.o.', 'Jozko Zlaty', 'Kamiom kamionisticky', 'KM-955-AW', 'Vrakuna', '9x auto typu: AUDI', '2020-12-08 08:30:00', '2020-12-08 11:00:00', 'requested'),
(41018, 1, '', 'Jozko Zlaty', '', 'AD-401-KV', 'Bratislava', '9x auto typu: BMW', '2020-12-08 11:00:00', '2020-12-08 13:30:00', 'finished'),
(41019, 1, 'P&E Services s.r.o', 'Hmm Hmmmm', 'Jozko Zlaty', 'JN-791-AR', 'Bratislava', '9x auto typu: BMW', '2020-12-08 13:30:00', '2020-12-08 16:00:00', 'booked'),
(41020, 1, 'H - H s.r.o.', 'Hmm Hmmmm', '', 'EP-397-JW', 'Vrakuna', '9x auto typu: AUDI', '2020-12-08 16:00:00', '2020-12-08 18:30:00', 'requested'),
(41021, 1, '', 'Jozko Zlaty', 'Janko Hrasko', 'ET-633-PT', 'Bratislava', '9x auto typu: BMW', '2020-12-08 18:30:00', '2020-12-08 21:00:00', 'booked'),
(41022, 1, '', '', '', '', '', '', '2020-12-09 05:00:00', '2020-12-09 07:30:00', 'prepared'),
(41023, 1, 'S - DENT SLOVAKIA, s.r.o.', 'Janko Hrasko', '', 'IU-730-NX', 'Bratislava', '9x auto typu: BMW', '2020-12-09 07:30:00', '2020-12-09 10:00:00', 'finished'),
(41024, 1, '', 'A Haaaa', 'Sarsa Mafia1', 'KU-561-DH', 'Bratislava', '9x auto typu: BMW', '2020-12-09 10:00:00', '2020-12-09 12:30:00', 'booked'),
(41025, 1, 'TRIV, s.r.o.', 'Jozko Zlaty', '', 'CF-875-RX', 'Vrakuna', '9x auto typu: AUDI', '2020-12-09 12:30:00', '2020-12-09 15:00:00', 'finished'),
(41026, 1, 'P&E Services s.r.o', 'Nie niesomKamion', 'Sused Neverni', 'RW-265-JM', 'Vrakuna', '9x auto typu: AUDI', '2020-12-09 15:00:00', '2020-12-09 17:30:00', 'finished'),
(41027, 1, '', '', '', '', '', '', '2020-12-09 17:30:00', '2020-12-09 20:00:00', 'prepared'),
(41028, 1, 'XXX.JA.NEVIM.UZ', 'Alica Zazrakov', 'Kamiom kamionisticky', 'OX-689-FU', 'Vrakuna', '9x auto typu: AUDI', '2020-12-10 05:00:00', '2020-12-10 07:30:00', 'booked'),
(41029, 1, '', 'Zabka Zabkova', '', 'AF-930-QR', 'Vrakuna', '9x auto typu: AUDI', '2020-12-10 07:30:00', '2020-12-10 10:00:00', 'requested'),
(41030, 1, '', '', '', '', '', '', '2020-12-10 10:00:00', '2020-12-10 12:30:00', 'prepared'),
(41031, 1, '', 'Janko Hrasko', 'Nie niesomKamion', 'SV-694-MN', 'Bratislava', '9x auto typu: BMW', '2020-12-10 12:30:00', '2020-12-10 15:00:00', 'finished'),
(41032, 1, '', '', '', '', '', '', '2020-12-10 15:00:00', '2020-12-10 17:30:00', 'prepared'),
(41033, 1, '', 'Juraj Oslovsky', '', 'FU-141-BG', 'Vrakuna', '9x auto typu: AUDI', '2020-12-10 17:30:00', '2020-12-10 20:00:00', 'requested'),
(41100, 2, 'TRIV, s.r.o.', 'Iba kamion', 'Sarsa Mafia1', 'FH-937-PZ', 'Vrakuna', '9x auto typu: AUDI', '2020-12-08 06:00:00', '2020-12-08 08:30:00', 'requested'),
(41101, 2, 'TRIV, s.r.o.', 'Kamiom kamionisticky', '', 'JN-226-PS', 'Bratislava', '9x auto typu: BMW', '2020-12-08 08:30:00', '2020-12-08 11:00:00', 'requested'),
(41102, 2, 'TRIV, s.r.o.', 'Janko Hrasko', '', 'JT-264-ER', 'Vrakuna', '9x auto typu: AUDI', '2020-12-08 11:00:00', '2020-12-08 13:30:00', 'finished'),
(41103, 2, 'P&E Services s.r.o', 'Zabka Zabkova', '', 'LW-592-BO', 'Vrakuna', '9x auto typu: AUDI', '2020-12-08 13:30:00', '2020-12-08 16:00:00', 'requested'),
(41104, 2, '', 'Janko Hrasko', 'Sarsa Mafia1', 'KZ-507-GV', 'Vrakuna', '9x auto typu: AUDI', '2020-12-08 16:00:00', '2020-12-08 18:30:00', 'booked'),
(41105, 2, '', 'Hmm Hmmmm', '', 'OS-889-DP', 'Vrakuna', '9x auto typu: AUDI', '2020-12-08 18:30:00', '2020-12-08 21:00:00', 'requested'),
(41106, 2, '', 'Iba kamion', '', 'HL-951-BP', 'Vrakuna', '9x auto typu: AUDI', '2020-12-09 05:00:00', '2020-12-09 07:30:00', 'booked'),
(41107, 2, '', 'Zlatka zlta', '', 'NW-529-BP', 'Vrakuna', '9x auto typu: AUDI', '2020-12-09 07:30:00', '2020-12-09 10:00:00', 'finished'),
(41108, 2, '', 'Zlatka zlta', 'A Haaaa', 'LN-670-AU', 'Vrakuna', '9x auto typu: AUDI', '2020-12-09 10:00:00', '2020-12-09 12:30:00', 'requested'),
(41109, 2, '', 'Zlatka zlta', 'Hmm Hmmmm', 'DX-957-BI', 'Bratislava', '9x auto typu: BMW', '2020-12-09 12:30:00', '2020-12-09 15:00:00', 'booked'),
(41110, 2, '', 'Sused Neverni', '', 'FK-818-FG', 'Bratislava', '9x auto typu: BMW', '2020-12-09 15:00:00', '2020-12-09 17:30:00', 'requested'),
(41111, 2, '', 'Nie niesomKamion', '', 'EV-439-GN', 'Vrakuna', '9x auto typu: AUDI', '2020-12-09 17:30:00', '2020-12-09 20:00:00', 'finished'),
(41112, 2, 'EGO - sny z dreva s.r.o.', 'Juraj Oslovsky', '', 'NX-891-AE', 'Vrakuna', '9x auto typu: AUDI', '2020-12-10 05:00:00', '2020-12-10 07:30:00', 'booked'),
(41113, 2, 'S - DENT SLOVAKIA, s.r.o.', 'Ferko Mrkvicka', '', 'MX-605-NO', 'Bratislava', '9x auto typu: BMW', '2020-12-10 07:30:00', '2020-12-10 10:00:00', 'booked'),
(41114, 2, 'XXX.JA.NEVIM.UZ', 'Sarsa Mafia1', 'Sarsa Mafia1', 'IP-678-GR', 'Vrakuna', '9x auto typu: AUDI', '2020-12-10 10:00:00', '2020-12-10 12:30:00', 'booked'),
(41115, 2, '', '', '', '', '', '', '2020-12-10 12:30:00', '2020-12-10 15:00:00', 'prepared'),
(41116, 2, '', '', '', '', '', '', '2020-12-10 15:00:00', '2020-12-10 17:30:00', 'prepared'),
(41117, 2, '', 'Nie niesomKamion', '', 'IM-871-SW', 'Vrakuna', '9x auto typu: AUDI', '2020-12-10 17:30:00', '2020-12-10 20:00:00', 'requested'),
(41184, 3, '', 'Zabka Zabkova', 'Nie niesomKamion', 'QY-383-CG', 'Bratislava', '9x auto typu: BMW', '2020-12-08 06:00:00', '2020-12-08 08:30:00', 'booked'),
(41185, 3, '', 'Zlatka zlta', '', 'MV-161-DO', 'Bratislava', '9x auto typu: BMW', '2020-12-08 08:30:00', '2020-12-08 11:00:00', 'requested'),
(41186, 3, 'TRIV, s.r.o.', 'A Haaaa', 'Juraj Oslovsky', 'FS-496-OW', 'Bratislava', '9x auto typu: BMW', '2020-12-08 11:00:00', '2020-12-08 13:30:00', 'requested'),
(41187, 3, '', 'Alica Zazrakov', '', 'MR-352-LZ', 'Vrakuna', '9x auto typu: AUDI', '2020-12-08 13:30:00', '2020-12-08 16:00:00', 'finished'),
(41188, 3, '', '', '', '', '', '', '2020-12-08 16:00:00', '2020-12-08 18:30:00', 'prepared'),
(41189, 3, '', 'Zlatka zlta', '', 'IX-779-BL', 'Vrakuna', '9x auto typu: AUDI', '2020-12-08 18:30:00', '2020-12-08 21:00:00', 'requested'),
(41190, 3, 'S - DENT SLOVAKIA, s.r.o.', 'Zlatka zlta', 'Hmm Hmmmm', 'DT-166-VW', 'Vrakuna', '9x auto typu: AUDI', '2020-12-09 05:00:00', '2020-12-09 07:30:00', 'booked'),
(41191, 3, '', 'Juraj Oslovsky', 'Sused Neverni', 'SW-219-AS', 'Bratislava', '9x auto typu: BMW', '2020-12-09 07:30:00', '2020-12-09 10:00:00', 'requested'),
(41192, 3, '', 'Juraj Oslovsky', '', 'FJ-319-GJ', 'Bratislava', '9x auto typu: BMW', '2020-12-09 10:00:00', '2020-12-09 12:30:00', 'requested'),
(41193, 3, 'S - DENT SLOVAKIA, s.r.o.', 'Hrasko Janko', '', 'CU-121-BX', 'Vrakuna', '9x auto typu: AUDI', '2020-12-09 12:30:00', '2020-12-09 15:00:00', 'finished'),
(41194, 3, 'XXX.JA.NEVIM.UZ', 'Kamiom kamionisticky', 'Jozko Zlaty', 'CW-701-PR', 'Bratislava', '9x auto typu: BMW', '2020-12-09 15:00:00', '2020-12-09 17:30:00', 'requested'),
(41195, 3, '', 'Sarsa Mafia1', 'Alica Zazrakov', 'HX-330-SU', 'Vrakuna', '9x auto typu: AUDI', '2020-12-09 17:30:00', '2020-12-09 20:00:00', 'finished'),
(41196, 3, 'EGO - sny z dreva s.r.o.', 'Hrasko Janko', 'Hrasko Janko', 'JY-111-GM', 'Bratislava', '9x auto typu: BMW', '2020-12-10 05:00:00', '2020-12-10 07:30:00', 'booked'),
(41197, 3, 'H - H s.r.o.', 'Zabka Zabkova', '', 'JR-549-BI', 'Bratislava', '9x auto typu: BMW', '2020-12-10 07:30:00', '2020-12-10 10:00:00', 'requested'),
(41198, 3, 'EGO - sny z dreva s.r.o.', 'Juraj Oslovsky', '', 'PW-356-NS', 'Vrakuna', '9x auto typu: AUDI', '2020-12-10 10:00:00', '2020-12-10 12:30:00', 'booked'),
(41199, 3, 'TRIV, s.r.o.', 'Sarsa Mafia1', '', 'HN-790-PW', 'Vrakuna', '9x auto typu: AUDI', '2020-12-10 12:30:00', '2020-12-10 15:00:00', 'booked'),
(41200, 3, '', '', '', '', '', '', '2020-12-10 15:00:00', '2020-12-10 17:30:00', 'prepared'),
(41201, 3, 'EGO - sny z dreva s.r.o.', 'Sarsa Mafia1', '', 'EY-872-JO', 'Vrakuna', '9x auto typu: AUDI', '2020-12-10 17:30:00', '2020-12-10 20:00:00', 'booked'),
(41268, 4, 'S - DENT SLOVAKIA, s.r.o.', 'Hrasko Janko', 'A Haaaa', 'FW-519-JS', 'Vrakuna', '9x auto typu: AUDI', '2020-12-08 06:00:00', '2020-12-08 08:30:00', 'requested'),
(41269, 4, 'XXX.JA.NEVIM.UZ', 'Alica Zazrakov', '', 'GY-110-GU', 'Bratislava', '9x auto typu: BMW', '2020-12-08 08:30:00', '2020-12-08 11:00:00', 'finished'),
(41270, 4, 'EGO - sny z dreva s.r.o.', 'Ferko Mrkvicka', 'Kamarat Parohac', 'JR-598-CE', 'Vrakuna', '9x auto typu: AUDI', '2020-12-08 11:00:00', '2020-12-08 13:30:00', 'requested'),
(41271, 4, '', 'Janko Hrasko', '', 'SY-543-PQ', 'Vrakuna', '9x auto typu: AUDI', '2020-12-08 13:30:00', '2020-12-08 16:00:00', 'finished'),
(41272, 4, 'S - DENT SLOVAKIA, s.r.o.', 'Kamiom kamionisticky', '', 'QV-337-GQ', 'Vrakuna', '9x auto typu: AUDI', '2020-12-08 16:00:00', '2020-12-08 18:30:00', 'requested'),
(41273, 4, 'H - H s.r.o.', 'Hrasko Janko', '', 'AV-207-AP', 'Bratislava', '9x auto typu: BMW', '2020-12-08 18:30:00', '2020-12-08 21:00:00', 'booked'),
(41274, 4, 'XXX.JA.NEVIM.UZ', 'Hmm Hmmmm', 'Kamiom kamionisticky', 'LN-118-IY', 'Bratislava', '9x auto typu: BMW', '2020-12-09 05:00:00', '2020-12-09 07:30:00', 'finished'),
(41275, 4, '', 'Nie niesomKamion', '', 'DG-416-AI', 'Vrakuna', '9x auto typu: AUDI', '2020-12-09 07:30:00', '2020-12-09 10:00:00', 'requested'),
(41276, 4, '', '', '', '', '', '', '2020-12-09 10:00:00', '2020-12-09 12:30:00', 'prepared'),
(41277, 4, '', 'Sused Neverni', '', 'AL-483-CH', 'Vrakuna', '9x auto typu: AUDI', '2020-12-09 12:30:00', '2020-12-09 15:00:00', 'requested'),
(41278, 4, '', '', '', '', '', '', '2020-12-09 15:00:00', '2020-12-09 17:30:00', 'prepared'),
(41279, 4, '', '', '', '', '', '', '2020-12-09 17:30:00', '2020-12-09 20:00:00', 'prepared'),
(41280, 4, 'EGO - sny z dreva s.r.o.', 'Zlatka zlta', 'Sused Neverni', 'TV-939-EU', 'Vrakuna', '9x auto typu: AUDI', '2020-12-10 05:00:00', '2020-12-10 07:30:00', 'finished'),
(41281, 4, 'S - DENT SLOVAKIA, s.r.o.', 'Alica Zazrakov', 'Kamiom kamionisticky', 'BC-776-FO', 'Bratislava', '9x auto typu: BMW', '2020-12-10 07:30:00', '2020-12-10 10:00:00', 'booked'),
(41282, 4, 'EGO - sny z dreva s.r.o.', 'Zabka Zabkova', 'Hrasko Janko', 'HY-656-BQ', 'Bratislava', '9x auto typu: BMW', '2020-12-10 10:00:00', '2020-12-10 12:30:00', 'booked'),
(41283, 4, 'H - H s.r.o.', 'Ferko Mrkvicka', 'Jozko Zlaty', 'DP-448-CH', 'Bratislava', '9x auto typu: BMW', '2020-12-10 12:30:00', '2020-12-10 15:00:00', 'booked'),
(41284, 4, 'P&E Services s.r.o', 'Alica Zazrakov', 'Nie niesomKamion', 'FI-397-FT', 'Vrakuna', '9x auto typu: AUDI', '2020-12-10 15:00:00', '2020-12-10 17:30:00', 'requested'),
(41285, 4, '', 'Kamarat Parohac', '', 'CR-343-KU', 'Bratislava', '9x auto typu: BMW', '2020-12-10 17:30:00', '2020-12-10 20:00:00', 'finished'),
(41352, 5, '', '', '', '', '', '', '2020-12-08 06:00:00', '2020-12-08 08:30:00', 'prepared'),
(41353, 5, 'XXX.JA.NEVIM.UZ', 'Hrasko Janko', 'Nie niesomKamion', 'FH-769-PY', 'Vrakuna', '9x auto typu: AUDI', '2020-12-08 08:30:00', '2020-12-08 11:00:00', 'finished'),
(41354, 5, 'EGO - sny z dreva s.r.o.', 'Iba kamion', '', 'MN-241-KO', 'Bratislava', '9x auto typu: BMW', '2020-12-08 11:00:00', '2020-12-08 13:30:00', 'requested'),
(41355, 5, '', 'Iba kamion', 'Sarsa Mafia1', 'GW-921-NP', 'Vrakuna', '9x auto typu: AUDI', '2020-12-08 13:30:00', '2020-12-08 16:00:00', 'requested'),
(41356, 5, 'H - H s.r.o.', 'Zlatka zlta', 'Ferko Mrkvicka', 'BJ-468-KP', 'Bratislava', '9x auto typu: BMW', '2020-12-08 16:00:00', '2020-12-08 18:30:00', 'requested'),
(41357, 5, '', '', '', '', '', '', '2020-12-08 18:30:00', '2020-12-08 21:00:00', 'prepared'),
(41358, 5, '', 'Zabka Zabkova', '', 'PX-320-AM', 'Bratislava', '9x auto typu: BMW', '2020-12-09 05:00:00', '2020-12-09 07:30:00', 'finished'),
(41359, 5, '', 'Iba kamion', 'Ferko Mrkvicka', 'PU-784-QZ', 'Bratislava', '9x auto typu: BMW', '2020-12-09 07:30:00', '2020-12-09 10:00:00', 'finished'),
(41360, 5, '', 'Sarsa Mafia1', '', 'FT-515-MN', 'Bratislava', '9x auto typu: BMW', '2020-12-09 10:00:00', '2020-12-09 12:30:00', 'booked'),
(41361, 5, 'TRIV, s.r.o.', 'Juraj Oslovsky', 'Nie niesomKamion', 'PT-757-IT', 'Vrakuna', '9x auto typu: AUDI', '2020-12-09 12:30:00', '2020-12-09 15:00:00', 'booked'),
(41362, 5, 'H - H s.r.o.', 'Alica Zazrakov', 'Zlatka zlta', 'AC-725-RW', 'Bratislava', '9x auto typu: BMW', '2020-12-09 15:00:00', '2020-12-09 17:30:00', 'requested'),
(41363, 5, '', 'Ferko Mrkvicka', 'Sarsa Mafia1', 'EO-709-CU', 'Bratislava', '9x auto typu: BMW', '2020-12-09 17:30:00', '2020-12-09 20:00:00', 'finished'),
(41364, 5, '', '', '', '', '', '', '2020-12-10 05:00:00', '2020-12-10 07:30:00', 'prepared'),
(41365, 5, 'P&E Services s.r.o', 'A Haaaa', 'Sused Neverni', 'JZ-925-GZ', 'Bratislava', '9x auto typu: BMW', '2020-12-10 07:30:00', '2020-12-10 10:00:00', 'booked'),
(41366, 5, 'S - DENT SLOVAKIA, s.r.o.', 'Juraj Oslovsky', 'Alica Zazrakov', 'IU-941-RS', 'Bratislava', '9x auto typu: BMW', '2020-12-10 10:00:00', '2020-12-10 12:30:00', 'booked'),
(41367, 5, 'S - DENT SLOVAKIA, s.r.o.', 'Juraj Oslovsky', 'Kamarat Parohac', 'AX-953-HW', 'Vrakuna', '9x auto typu: AUDI', '2020-12-10 12:30:00', '2020-12-10 15:00:00', 'booked'),
(41368, 5, '', '', '', '', '', '', '2020-12-10 15:00:00', '2020-12-10 17:30:00', 'prepared'),
(41369, 5, 'XXX.JA.NEVIM.UZ', 'Sarsa Mafia1', '', 'CP-334-IP', 'Bratislava', '9x auto typu: BMW', '2020-12-10 17:30:00', '2020-12-10 20:00:00', 'booked'),
(41436, 6, '', 'Ferko Mrkvicka', 'Sarsa Mafia1', 'BG-918-MX', 'Vrakuna', '9x auto typu: AUDI', '2020-12-08 06:00:00', '2020-12-08 08:30:00', 'booked'),
(41437, 6, '', 'Juraj Oslovsky', 'Hrasko Janko', 'IU-367-IY', 'Bratislava', '9x auto typu: BMW', '2020-12-08 08:30:00', '2020-12-08 11:00:00', 'booked'),
(41438, 6, '', 'Jozko Zlaty', '', 'KL-730-TW', 'Bratislava', '9x auto typu: BMW', '2020-12-08 11:00:00', '2020-12-08 13:30:00', 'booked'),
(41439, 6, '', 'A Haaaa', 'Kamiom kamionisticky', 'NT-222-CI', 'Bratislava', '9x auto typu: BMW', '2020-12-08 13:30:00', '2020-12-08 16:00:00', 'requested'),
(41440, 6, '', '', '', '', '', '', '2020-12-08 16:00:00', '2020-12-08 18:30:00', 'prepared'),
(41441, 6, '', 'Kamiom kamionisticky', 'Jozko Zlaty', 'HT-748-LY', 'Bratislava', '9x auto typu: BMW', '2020-12-08 18:30:00', '2020-12-08 21:00:00', 'requested'),
(41442, 6, 'S - DENT SLOVAKIA, s.r.o.', 'Zlatka zlta', '', 'AN-994-HO', 'Vrakuna', '9x auto typu: AUDI', '2020-12-09 05:00:00', '2020-12-09 07:30:00', 'finished'),
(41443, 6, '', '', '', '', '', '', '2020-12-09 07:30:00', '2020-12-09 10:00:00', 'prepared'),
(41444, 6, 'XXX.JA.NEVIM.UZ', 'Hmm Hmmmm', '', 'AK-725-DT', 'Bratislava', '9x auto typu: BMW', '2020-12-09 10:00:00', '2020-12-09 12:30:00', 'finished'),
(41445, 6, '', 'Hrasko Janko', 'A Haaaa', 'VX-301-HK', 'Bratislava', '9x auto typu: BMW', '2020-12-09 12:30:00', '2020-12-09 15:00:00', 'finished'),
(41446, 6, 'TRIV, s.r.o.', 'Nie niesomKamion', '', 'CU-871-OV', 'Vrakuna', '9x auto typu: AUDI', '2020-12-09 15:00:00', '2020-12-09 17:30:00', 'finished'),
(41447, 6, '', '', '', '', '', '', '2020-12-09 17:30:00', '2020-12-09 20:00:00', 'prepared'),
(41448, 6, '', 'Janko Hrasko', '', 'CT-462-AF', 'Bratislava', '9x auto typu: BMW', '2020-12-10 05:00:00', '2020-12-10 07:30:00', 'booked'),
(41449, 6, '', '', '', '', '', '', '2020-12-10 07:30:00', '2020-12-10 10:00:00', 'prepared'),
(41450, 6, '', '', '', '', '', '', '2020-12-10 10:00:00', '2020-12-10 12:30:00', 'prepared'),
(41451, 6, '', '', '', '', '', '', '2020-12-10 12:30:00', '2020-12-10 15:00:00', 'prepared'),
(41452, 6, '', 'Kamiom kamionisticky', 'Juraj Oslovsky', 'NY-822-QT', 'Bratislava', '9x auto typu: BMW', '2020-12-10 15:00:00', '2020-12-10 17:30:00', 'finished'),
(41453, 6, '', 'Jozko Zlaty', 'A Haaaa', 'HK-862-MR', 'Vrakuna', '9x auto typu: AUDI', '2020-12-10 17:30:00', '2020-12-10 20:00:00', 'booked'),
(41520, 7, 'P&E Services s.r.o', 'Jozko Zlaty', '', 'CU-851-FX', 'Vrakuna', '9x auto typu: AUDI', '2020-12-08 06:00:00', '2020-12-08 08:30:00', 'finished'),
(41521, 7, 'S - DENT SLOVAKIA, s.r.o.', 'Sused Neverni', 'Juraj Oslovsky', 'BJ-381-JY', 'Vrakuna', '9x auto typu: AUDI', '2020-12-08 08:30:00', '2020-12-08 11:00:00', 'booked'),
(41522, 7, '', '', '', '', '', '', '2020-12-08 11:00:00', '2020-12-08 13:30:00', 'prepared'),
(41523, 7, '', '', '', '', '', '', '2020-12-08 13:30:00', '2020-12-08 16:00:00', 'prepared'),
(41524, 7, '', '', '', '', '', '', '2020-12-08 16:00:00', '2020-12-08 18:30:00', 'prepared'),
(41525, 7, '', 'Iba kamion', '', 'UX-649-DY', 'Bratislava', '9x auto typu: BMW', '2020-12-08 18:30:00', '2020-12-08 21:00:00', 'finished'),
(41526, 7, '', 'Iba kamion', 'Sused Neverni', 'RX-556-DP', 'Bratislava', '9x auto typu: BMW', '2020-12-09 05:00:00', '2020-12-09 07:30:00', 'booked'),
(41527, 7, '', 'Sarsa Mafia1', 'Hmm Hmmmm', 'CE-287-CR', 'Vrakuna', '9x auto typu: AUDI', '2020-12-09 07:30:00', '2020-12-09 10:00:00', 'requested'),
(41528, 7, '', 'Ferko Mrkvicka', 'Janko Hrasko', 'DU-494-KS', 'Bratislava', '9x auto typu: BMW', '2020-12-09 10:00:00', '2020-12-09 12:30:00', 'booked'),
(41529, 7, '', '', '', '', '', '', '2020-12-09 12:30:00', '2020-12-09 15:00:00', 'prepared'),
(41530, 7, '', 'Kamarat Parohac', 'Janko Hrasko', 'EN-148-DJ', 'Bratislava', '9x auto typu: BMW', '2020-12-09 15:00:00', '2020-12-09 17:30:00', 'finished'),
(41531, 7, '', 'Sarsa Mafia1', '', 'KO-914-MW', 'Bratislava', '9x auto typu: BMW', '2020-12-09 17:30:00', '2020-12-09 20:00:00', 'booked'),
(41532, 7, 'S - DENT SLOVAKIA, s.r.o.', 'Juraj Oslovsky', '', 'NS-388-BO', 'Vrakuna', '9x auto typu: AUDI', '2020-12-10 05:00:00', '2020-12-10 07:30:00', 'requested'),
(41533, 7, 'S - DENT SLOVAKIA, s.r.o.', 'Zabka Zabkova', '', 'VW-942-IO', 'Vrakuna', '9x auto typu: AUDI', '2020-12-10 07:30:00', '2020-12-10 10:00:00', 'requested'),
(41534, 7, 'EGO - sny z dreva s.r.o.', 'Nie niesomKamion', '', 'HV-818-LN', 'Bratislava', '9x auto typu: BMW', '2020-12-10 10:00:00', '2020-12-10 12:30:00', 'requested'),
(41535, 7, 'TRIV, s.r.o.', 'Hrasko Janko', 'Hrasko Janko', 'RT-522-EJ', 'Vrakuna', '9x auto typu: AUDI', '2020-12-10 12:30:00', '2020-12-10 15:00:00', 'requested'),
(41536, 7, 'H - H s.r.o.', 'A Haaaa', '', 'PR-806-JP', 'Vrakuna', '9x auto typu: AUDI', '2020-12-10 15:00:00', '2020-12-10 17:30:00', 'finished'),
(41537, 7, 'XXX.JA.NEVIM.UZ', 'Kamiom kamionisticky', 'Ferko Mrkvicka', 'NP-737-VX', 'Vrakuna', '9x auto typu: AUDI', '2020-12-10 17:30:00', '2020-12-10 20:00:00', 'finished'),
(41604, 8, '', 'Kamarat Parohac', '', 'HO-434-BQ', 'Bratislava', '9x auto typu: BMW', '2020-12-08 06:00:00', '2020-12-08 08:30:00', 'finished'),
(41605, 8, '', '', '', '', '', '', '2020-12-08 08:30:00', '2020-12-08 11:00:00', 'prepared'),
(41606, 8, 'TRIV, s.r.o.', 'Juraj Oslovsky', 'Jozko Zlaty', 'AU-279-GV', 'Bratislava', '9x auto typu: BMW', '2020-12-08 11:00:00', '2020-12-08 13:30:00', 'booked'),
(41607, 8, '', 'Hmm Hmmmm', 'Janko Hrasko', 'OS-115-NV', 'Vrakuna', '9x auto typu: AUDI', '2020-12-08 13:30:00', '2020-12-08 16:00:00', 'finished'),
(41608, 8, '', 'Sarsa Mafia1', 'Alica Zazrakov', 'FT-202-BN', 'Bratislava', '9x auto typu: BMW', '2020-12-08 16:00:00', '2020-12-08 18:30:00', 'finished'),
(41609, 8, '', '', '', '', '', '', '2020-12-08 18:30:00', '2020-12-08 21:00:00', 'prepared'),
(41610, 8, '', '', '', '', '', '', '2020-12-09 05:00:00', '2020-12-09 07:30:00', 'prepared'),
(41611, 8, '', '', '', '', '', '', '2020-12-09 07:30:00', '2020-12-09 10:00:00', 'prepared'),
(41612, 8, '', 'Iba kamion', 'Juraj Oslovsky', 'MU-401-MY', 'Vrakuna', '9x auto typu: AUDI', '2020-12-09 10:00:00', '2020-12-09 12:30:00', 'booked'),
(41613, 8, '', 'Ferko Mrkvicka', 'Juraj Oslovsky', 'NS-418-HX', 'Bratislava', '9x auto typu: BMW', '2020-12-09 12:30:00', '2020-12-09 15:00:00', 'requested'),
(41614, 8, 'P&E Services s.r.o', 'Nie niesomKamion', '', 'CZ-667-NU', 'Bratislava', '9x auto typu: BMW', '2020-12-09 15:00:00', '2020-12-09 17:30:00', 'requested'),
(41615, 8, 'P&E Services s.r.o', 'Sarsa Mafia1', '', 'TX-261-SX', 'Vrakuna', '9x auto typu: AUDI', '2020-12-09 17:30:00', '2020-12-09 20:00:00', 'requested'),
(41616, 8, 'P&E Services s.r.o', 'Zlatka zlta', 'A Haaaa', 'RU-563-CX', 'Vrakuna', '9x auto typu: AUDI', '2020-12-10 05:00:00', '2020-12-10 07:30:00', 'booked'),
(41617, 8, '', '', '', '', '', '', '2020-12-10 07:30:00', '2020-12-10 10:00:00', 'prepared'),
(41618, 8, '', '', '', '', '', '', '2020-12-10 10:00:00', '2020-12-10 12:30:00', 'prepared'),
(41619, 8, '', '', '', '', '', '', '2020-12-10 12:30:00', '2020-12-10 15:00:00', 'prepared'),
(41620, 8, 'EGO - sny z dreva s.r.o.', 'Ferko Mrkvicka', '', 'HJ-719-BZ', 'Vrakuna', '9x auto typu: AUDI', '2020-12-10 15:00:00', '2020-12-10 17:30:00', 'booked'),
(41621, 8, '', 'A Haaaa', 'Janko Hrasko', 'CD-839-LT', 'Vrakuna', '9x auto typu: AUDI', '2020-12-10 17:30:00', '2020-12-10 20:00:00', 'requested'),
(41688, 9, 'S - DENT SLOVAKIA, s.r.o.', 'Iba kamion', '', 'KP-470-DE', 'Vrakuna', '9x auto typu: AUDI', '2020-12-08 06:00:00', '2020-12-08 08:30:00', 'finished'),
(41689, 9, '', 'Jozko Zlaty', '', 'NT-272-CN', 'Bratislava', '9x auto typu: BMW', '2020-12-08 08:30:00', '2020-12-08 11:00:00', 'requested'),
(41690, 9, 'EGO - sny z dreva s.r.o.', 'Hmm Hmmmm', '', 'JS-619-CI', 'Vrakuna', '9x auto typu: AUDI', '2020-12-08 11:00:00', '2020-12-08 13:30:00', 'finished'),
(41691, 9, 'H - H s.r.o.', 'Iba kamion', '', 'TX-758-RX', 'Bratislava', '9x auto typu: BMW', '2020-12-08 13:30:00', '2020-12-08 16:00:00', 'requested'),
(41692, 9, '', '', '', '', '', '', '2020-12-08 16:00:00', '2020-12-08 18:30:00', 'prepared'),
(41693, 9, '', '', '', '', '', '', '2020-12-08 18:30:00', '2020-12-08 21:00:00', 'prepared'),
(41694, 9, '', 'Janko Hrasko', 'Jozko Zlaty', 'KL-692-IV', 'Vrakuna', '9x auto typu: AUDI', '2020-12-09 05:00:00', '2020-12-09 07:30:00', 'requested'),
(41695, 9, 'H - H s.r.o.', 'Zlatka zlta', 'Sused Neverni', 'AP-180-TV', 'Vrakuna', '9x auto typu: AUDI', '2020-12-09 07:30:00', '2020-12-09 10:00:00', 'booked'),
(41696, 9, 'S - DENT SLOVAKIA, s.r.o.', 'Zabka Zabkova', '', 'TZ-366-EV', 'Vrakuna', '9x auto typu: AUDI', '2020-12-09 10:00:00', '2020-12-09 12:30:00', 'finished'),
(41697, 9, '', '', '', '', '', '', '2020-12-09 12:30:00', '2020-12-09 15:00:00', 'prepared'),
(41698, 9, 'XXX.JA.NEVIM.UZ', 'Sused Neverni', 'Jozko Zlaty', 'CM-570-WX', 'Vrakuna', '9x auto typu: AUDI', '2020-12-09 15:00:00', '2020-12-09 17:30:00', 'booked'),
(41699, 9, '', 'Zlatka zlta', '', 'CI-996-IJ', 'Bratislava', '9x auto typu: BMW', '2020-12-09 17:30:00', '2020-12-09 20:00:00', 'requested'),
(41700, 9, 'H - H s.r.o.', 'Hmm Hmmmm', 'Hrasko Janko', 'DY-898-PQ', 'Vrakuna', '9x auto typu: AUDI', '2020-12-10 05:00:00', '2020-12-10 07:30:00', 'booked'),
(41701, 9, 'EGO - sny z dreva s.r.o.', 'Kamarat Parohac', 'Janko Hrasko', 'OS-654-EI', 'Vrakuna', '9x auto typu: AUDI', '2020-12-10 07:30:00', '2020-12-10 10:00:00', 'requested'),
(41702, 9, '', 'Jozko Zlaty', 'Zlatka zlta', 'IJ-961-WY', 'Bratislava', '9x auto typu: BMW', '2020-12-10 10:00:00', '2020-12-10 12:30:00', 'requested'),
(41703, 9, 'H - H s.r.o.', 'Hrasko Janko', 'Zabka Zabkova', 'MO-426-FY', 'Vrakuna', '9x auto typu: AUDI', '2020-12-10 12:30:00', '2020-12-10 15:00:00', 'finished'),
(41704, 9, '', 'Nie niesomKamion', 'Sarsa Mafia1', 'HL-157-IK', 'Bratislava', '9x auto typu: BMW', '2020-12-10 15:00:00', '2020-12-10 17:30:00', 'booked'),
(41705, 9, '', '', '', '', '', '', '2020-12-10 17:30:00', '2020-12-10 20:00:00', 'prepared'),
(41772, 10, 'P&E Services s.r.o', 'Sused Neverni', 'Kamarat Parohac', 'DJ-591-EJ', 'Vrakuna', '9x auto typu: AUDI', '2020-12-08 06:00:00', '2020-12-08 08:30:00', 'booked'),
(41773, 10, 'S - DENT SLOVAKIA, s.r.o.', 'Kamarat Parohac', 'A Haaaa', 'LS-490-FY', 'Vrakuna', '9x auto typu: AUDI', '2020-12-08 08:30:00', '2020-12-08 11:00:00', 'finished'),
(41774, 10, 'S - DENT SLOVAKIA, s.r.o.', 'Nie niesomKamion', '', 'GM-735-JL', 'Vrakuna', '9x auto typu: AUDI', '2020-12-08 11:00:00', '2020-12-08 13:30:00', 'finished'),
(41775, 10, '', 'Nie niesomKamion', 'Ferko Mrkvicka', 'GQ-537-RY', 'Bratislava', '9x auto typu: BMW', '2020-12-08 13:30:00', '2020-12-08 16:00:00', 'requested'),
(41776, 10, 'TRIV, s.r.o.', 'A Haaaa', 'Jozko Zlaty', 'AN-384-CV', 'Vrakuna', '9x auto typu: AUDI', '2020-12-08 16:00:00', '2020-12-08 18:30:00', 'finished'),
(41777, 10, '', '', '', '', '', '', '2020-12-08 18:30:00', '2020-12-08 21:00:00', 'prepared'),
(41778, 10, 'H - H s.r.o.', 'A Haaaa', '', 'NR-809-DI', 'Bratislava', '9x auto typu: BMW', '2020-12-09 05:00:00', '2020-12-09 07:30:00', 'booked'),
(41779, 10, '', 'Alica Zazrakov', 'Janko Hrasko', 'DM-347-FY', 'Vrakuna', '9x auto typu: AUDI', '2020-12-09 07:30:00', '2020-12-09 10:00:00', 'requested'),
(41780, 10, 'XXX.JA.NEVIM.UZ', 'Alica Zazrakov', '', 'IJ-374-JO', 'Vrakuna', '9x auto typu: AUDI', '2020-12-09 10:00:00', '2020-12-09 12:30:00', 'finished'),
(41781, 10, 'EGO - sny z dreva s.r.o.', 'Iba kamion', 'Nie niesomKamion', 'HV-621-TV', 'Bratislava', '9x auto typu: BMW', '2020-12-09 12:30:00', '2020-12-09 15:00:00', 'requested'),
(41782, 10, 'P&E Services s.r.o', 'Juraj Oslovsky', 'Zabka Zabkova', 'DF-259-MO', 'Vrakuna', '9x auto typu: AUDI', '2020-12-09 15:00:00', '2020-12-09 17:30:00', 'requested'),
(41783, 10, '', 'Ferko Mrkvicka', '', 'DQ-474-TY', 'Vrakuna', '9x auto typu: AUDI', '2020-12-09 17:30:00', '2020-12-09 20:00:00', 'requested'),
(41784, 10, '', 'Ferko Mrkvicka', 'Sused Neverni', 'OQ-497-DR', 'Bratislava', '9x auto typu: BMW', '2020-12-10 05:00:00', '2020-12-10 07:30:00', 'requested'),
(41785, 10, 'H - H s.r.o.', 'A Haaaa', 'Janko Hrasko', 'PT-166-CO', 'Vrakuna', '9x auto typu: AUDI', '2020-12-10 07:30:00', '2020-12-10 10:00:00', 'booked'),
(41786, 10, 'P&E Services s.r.o', 'Zabka Zabkova', '', 'GJ-985-BQ', 'Bratislava', '9x auto typu: BMW', '2020-12-10 10:00:00', '2020-12-10 12:30:00', 'requested'),
(41787, 10, 'TRIV, s.r.o.', 'Hrasko Janko', '', 'OY-558-FY', 'Bratislava', '9x auto typu: BMW', '2020-12-10 12:30:00', '2020-12-10 15:00:00', 'finished'),
(41788, 10, 'TRIV, s.r.o.', 'Zlatka zlta', 'Zlatka zlta', 'GV-508-IU', 'Vrakuna', '9x auto typu: AUDI', '2020-12-10 15:00:00', '2020-12-10 17:30:00', 'finished'),
(41789, 10, 'H - H s.r.o.', 'Zlatka zlta', 'Hmm Hmmmm', 'FK-969-LW', 'Bratislava', '9x auto typu: BMW', '2020-12-10 17:30:00', '2020-12-10 20:00:00', 'finished');

-- --------------------------------------------------------

--
-- Table structure for table `employee`
--

CREATE TABLE IF NOT EXISTS `employee` (
  `id` int(11) NOT NULL AUTO_INCREMENT,
  `meno` varchar(20) COLLATE utf8_slovak_ci DEFAULT NULL,
  `priezvisko` varchar(20) COLLATE utf8_slovak_ci DEFAULT NULL,
  `meno_splocnosti` varchar(75) COLLATE utf8_slovak_ci NOT NULL,
  `email` varchar(100) COLLATE utf8_slovak_ci NOT NULL,
  `heslo` varchar(300) COLLATE utf8_slovak_ci NOT NULL,
  `role` varchar(50) COLLATE utf8_slovak_ci NOT NULL,
  `is_working` tinyint(5) NOT NULL DEFAULT '1',
  `login_count` int(11) NOT NULL DEFAULT '0',
  PRIMARY KEY (`id`)
) ENGINE=InnoDB  DEFAULT CHARSET=utf8 COLLATE=utf8_slovak_ci AUTO_INCREMENT=22 ;

--
-- Dumping data for table `employee`
--

INSERT INTO `employee` (`id`, `meno`, `priezvisko`, `meno_splocnosti`, `email`, `heslo`, `role`, `is_working`, `login_count`) VALUES
(1, 'admin', 'admin', 'GEFCO', 'admin.admin@gmial.com', '21232f297a57a5a743894a0e4a801fc3', 'AD', 1, 2),
(3, 'EXD', 'EXD', 'XXX.JA.NEVIM.UZ', 'EXD.EXD@gmial.com', '08e72627bd8dce9e03cf847a7569a5de', 'EXD', 1, 2),
(4, 'IND', 'IND', 'GEFCO', 'IND.IND@gmial.com', '82828756da24342a94c9b1355ae83653', 'IND', 1, 2),
(5, 'GM', 'GM', 'GEFCO', 'GM.GM@gmial.com', '64f3bd1741ab8d6ba545a1ae09bb8728', 'GM', 1, 2),
(6, 'asdfsdfsg', 'dfsghg', '', 'root@gmial.com', '6db23eee40d34e8290441bd8ff5bd924', 'EXD', 1, 0),
(7, 'sdsd', 'dsds', '', 'root@gmial.com', '21232f297a57a5a743894a0e4a801fc3', 'EXD', 1, 0),
(8, 'sdsd', 'dsds', '', 'root@gmial.com', '0cc175b9c0f1b6a831c399e269772661', 'EXD', 1, 0),
(9, 'dfsg', 'dsds', '', 'root@gmial.com', 'f970e2767d0cfe75876ea857f92e319b', 'EXD', 1, 0),
(10, 'sdsd', 'dsds', '', 'root@gmial.com', '03c7c0ace395d80182db07ae2c30f034', 'EXD', 1, 0),
(11, 'sdsd', 'dsds', '', 'root@gmial.com', '03c7c0ace395d80182db07ae2c30f034', 'IND', 1, 0),
(13, 'xvb', 'sadfgh', 'TRIV, s.r.o.', 'admin.admin@gmial.com', 'f561aaf6ef0bf14d4208bb46a4ccb3ad', 'EXD', 1, 0),
(14, 'xvb', 'sadfgh', 'S - DENT SLOVAKIA, s.r.o.', 'rootssss@gmial.com', '03c7c0ace395d80182db07ae2c30f034', 'EXD', 1, 0),
(15, 'ssssss', 'ssssss', 'EGO - sny z dreva s.r.o.', 'ssss.ssss@gmail.com', '03c7c0ace395d80182db07ae2c30f034', 'EXD', 1, 0),
(16, 'ssssss', 'ssssss', '', 'ssss.ssss@gmail.com', '03c7c0ace395d80182db07ae2c30f034', 'IND', 1, 0),
(17, 'dddd', 'dddd', 'P&E Services s.r.o', 'rootd.d@gmail.com', '8277e0910d750195b448797616e091ad', 'EXD', 1, 0),
(18, 'dddd2', 'dddd2', 'H - H s.r.o.', 'rootd.d2@gmail.com', '8277e0910d750195b448797616e091ad', 'EXD', 1, 0),
(19, 'R', 'R', '', 'R.R@gmial.com', 'e1e1d3d40573127e9ee0480caf1283d6', 'AD', 1, 0),
(21, '', '', 'GEFCO', 'random.rand@gmail.com', '63a9f0ea7bb98050796b649e85481845', 'IND', 1, 0);

-- --------------------------------------------------------

--
-- Table structure for table `event_log`
--

CREATE TABLE IF NOT EXISTS `event_log` (
  `id` int(11) NOT NULL AUTO_INCREMENT,
  `employee_id` int(11) NOT NULL,
  `task_event` text COLLATE utf8_slovak_ci NOT NULL,
  PRIMARY KEY (`id`)
) ENGINE=InnoDB  DEFAULT CHARSET=utf8 COLLATE=utf8_slovak_ci AUTO_INCREMENT=211 ;

--
-- Dumping data for table `event_log`
--

INSERT INTO `event_log` (`id`, `employee_id`, `task_event`) VALUES
(1, 3, 'Close time slot 1'),
(2, 3, 'Close time slot 1'),
(3, 3, 'Close time slot 1'),
(4, 3, 'Close time slot 1'),
(5, 3, 'Close time slot 1'),
(6, 3, 'Close time slot 1'),
(7, 3, 'Close time slot 1'),
(8, 3, 'Close time slot 1'),
(9, 3, 'Close time slot 6'),
(10, 3, 'Close time slot 1'),
(11, 3, 'Close time slot 1'),
(12, 3, 'Close time slot 1'),
(13, 3, 'Close time slot 1'),
(14, 3, 'Close time slot 1'),
(15, 3, 'Close time slot 1'),
(16, 3, 'Close time slot 1'),
(17, 3, 'Close time slot 1'),
(18, 3, 'Close time slot 1'),
(19, 3, 'Close time slot 1'),
(20, 3, 'Close time slot 1'),
(21, 3, 'Close time slot 1'),
(22, 3, 'Close time slot 1'),
(23, 3, 'Close time slot 1'),
(24, 3, 'Close time slot 1'),
(25, 3, 'Close time slot 1'),
(26, 3, 'Close time slot 1'),
(27, 3, 'Close time slot 1'),
(28, 3, 'Close time slot 1'),
(29, 3, 'Close time slot 1'),
(30, 3, 'Close time slot 1'),
(31, 3, 'Close time slot 1'),
(32, 3, 'Close time slot 1'),
(33, 3, 'Close time slot 1'),
(34, 3, 'Close time slot 1'),
(35, 3, 'Close time slot 1'),
(36, 3, 'Close time slot 1'),
(37, 3, 'Close time slot 1'),
(38, 3, 'Close time slot 1'),
(39, 3, 'Close time slot 1'),
(40, 3, 'Close time slot 1'),
(41, 3, 'Close time slot 1'),
(42, 3, 'Close time slot 1'),
(43, 3, 'Close time slot 1'),
(44, 3, 'Close time slot 1'),
(45, 3, 'Close time slot 1'),
(46, 3, 'Close time slot 1'),
(47, 3, 'Close time slot 1'),
(48, 3, 'Close time slot 1'),
(49, 3, 'Close time slot 1'),
(50, 3, 'Close time slot 1'),
(51, 3, 'Close time slot 1'),
(52, 3, 'Close time slot 1'),
(53, 3, 'Close time slot 1'),
(54, 3, 'Close time slot 1'),
(55, 3, 'Close time slot 1'),
(56, 3, 'Close time slot 1'),
(57, 3, 'Close time slot 1'),
(58, 3, 'Close time slot 1'),
(59, 3, 'Close time slot 1'),
(60, 3, 'Close time slot 1'),
(61, 3, 'Close time slot 1'),
(62, 3, 'Close time slot 1'),
(63, 3, 'Close time slot 1'),
(64, 3, 'Close time slot 1'),
(65, 3, 'Close time slot 1'),
(66, 3, 'Close time slot 1'),
(67, 3, 'Close time slot 1'),
(68, 3, 'Close time slot 1'),
(69, 3, 'Close time slot 1'),
(70, 3, 'Close time slot 1'),
(71, 3, 'Close time slot 1'),
(72, 3, 'Close time slot 1'),
(73, 3, 'Close time slot 1'),
(74, 3, 'Close time slot 1'),
(75, 3, 'Close time slot 1'),
(76, 3, 'Close time slot 1'),
(77, 3, 'Close time slot 1'),
(78, 1, 'Close time slot 1'),
(79, 1, 'Close time slot 1'),
(80, 1, 'Close time slot 1'),
(81, 1, 'Close time slot 1'),
(82, 1, 'Close time slot 1'),
(83, 1, 'Close time slot 1'),
(84, 1, 'Close time slot 1'),
(85, 1, 'Close time slot 1'),
(86, 1, 'Close time slot 1'),
(87, 1, 'Close time slot 1'),
(88, 1, 'Close time slot 1'),
(89, 3, 'Close time slot 1'),
(90, 3, 'Close time slot 1'),
(91, 3, 'Close time slot 1'),
(92, 3, 'Close time slot 1'),
(93, 3, 'Close time slot 1'),
(94, 3, 'Close time slot 1'),
(95, 3, 'Close time slot 1'),
(96, 3, 'Close time slot 1'),
(97, 3, 'Close time slot 1'),
(98, 3, 'Close time slot 1'),
(99, 3, 'Close time slot 1'),
(100, 3, 'Close time slot 1'),
(101, 3, 'Close time slot 1'),
(102, 3, 'Close time slot 1'),
(103, 3, 'Close time slot 1'),
(104, 3, 'Close time slot 1'),
(105, 3, 'Close time slot 1'),
(106, 3, 'Close time slot 1'),
(107, 3, 'Close time slot 1'),
(108, 3, 'Close time slot 1'),
(109, 3, 'Close time slot 1'),
(110, 3, 'Close time slot 1'),
(111, 3, 'Close time slot 1'),
(112, 3, 'Close time slot 1'),
(113, 3, 'Close time slot 1'),
(114, 3, 'Close time slot 1'),
(115, 3, 'Close without active time slot'),
(116, 3, 'Close time slot 1'),
(117, 3, 'Close time slot 6'),
(118, 3, 'Close time slot 1'),
(119, 3, 'Close time slot 1'),
(120, 3, 'Close time slot 1'),
(121, 3, 'Close time slot 6'),
(122, 3, 'Close time slot 6'),
(123, 3, 'Close time slot 1'),
(124, 3, 'Close time slot 1'),
(125, 3, 'Close time slot 1'),
(126, 3, 'Close time slot 6'),
(127, 3, 'Close time slot 1'),
(128, 3, 'Close time slot 1'),
(129, 3, 'Close time slot 1'),
(130, 3, 'Close time slot 1'),
(131, 3, 'Close time slot 1'),
(132, 3, 'Close time slot 1'),
(133, 3, 'Close time slot 1'),
(134, 3, 'Close time slot 1'),
(135, 3, 'Close time slot 6'),
(136, 3, 'Close time slot 1'),
(137, 3, 'Close time slot 6'),
(138, 3, 'Close time slot 1'),
(139, 3, 'Close time slot 6'),
(140, 3, 'Close time slot 6'),
(141, 3, 'Close without active time slot'),
(142, 3, 'Close time slot 1'),
(143, 3, 'Close time slot 6'),
(144, 3, 'Close time slot 1'),
(145, 3, 'Close time slot 6'),
(146, 3, 'Close time slot 1'),
(147, 3, 'Close time slot 1'),
(148, 3, 'Close time slot 1'),
(149, 3, 'Close time slot 1'),
(150, 3, 'Close without active time slot'),
(151, 3, 'Close time slot 1'),
(152, 3, 'Close time slot 1'),
(153, 3, 'Close time slot 1'),
(154, 3, 'Close time slot 1'),
(155, 3, 'Close time slot 1'),
(156, 3, 'Close time slot 1'),
(157, 3, 'Close time slot 1'),
(158, 3, 'Close time slot 1'),
(159, 3, 'Close time slot 2'),
(160, 3, 'Close time slot 4'),
(161, 3, 'Close time slot 5'),
(162, 3, 'Close time slot 6'),
(163, 3, 'Close time slot 1'),
(164, 3, 'Close without active time slot'),
(165, 3, 'Close time slot 1'),
(166, 3, 'Close time slot 3'),
(167, 3, 'Close time slot 1'),
(168, 3, 'Close time slot 4'),
(169, 3, 'Close time slot 1'),
(170, 3, 'Close time slot 1'),
(171, 3, 'Close time slot 1'),
(172, 3, 'Close time slot 1'),
(173, 3, 'Close time slot 3'),
(174, 3, 'Close without active time slot'),
(175, 3, 'Close time slot 2'),
(176, 3, 'Close time slot 3'),
(177, 3, 'Close time slot 2'),
(178, 3, 'Close time slot 3'),
(179, 3, 'Close time slot 1'),
(180, 3, 'Close time slot 1'),
(181, 3, 'Close time slot 1'),
(182, 3, 'Close time slot 1'),
(183, 3, 'Close time slot 2'),
(184, 3, 'Close time slot 2'),
(185, 3, 'Close time slot 2'),
(186, 3, 'Close without active time slot'),
(187, 3, 'Close time slot 1'),
(188, 3, 'Close time slot 1'),
(189, 3, 'Close time slot 1'),
(190, 3, 'Close time slot 1'),
(191, 3, 'Close time slot 1'),
(192, 3, 'Close time slot 1'),
(193, 3, 'Close time slot 1'),
(194, 3, 'Close time slot 1'),
(195, 3, 'Close time slot 1'),
(196, 3, 'Close without active time slot'),
(197, 3, 'Close time slot 7842'),
(198, 3, 'Close time slot 7842'),
(199, 3, 'Close time slot 7842'),
(200, 3, 'Close time slot 7843'),
(201, 3, 'Close time slot 7845'),
(202, 3, 'Close time slot 7846'),
(203, 3, 'Close time slot 7845'),
(204, 3, 'Close without active time slot'),
(205, 3, 'Close without active time slot'),
(206, 3, 'Close without active time slot'),
(207, 3, 'Close without active time slot'),
(208, 3, 'Close time slot 14090'),
(209, 3, 'Close without active time slot'),
(210, 1, 'Close without active time slot');

-- --------------------------------------------------------

--
-- Table structure for table `holidays`
--

CREATE TABLE IF NOT EXISTS `holidays` (
  `id` int(11) NOT NULL AUTO_INCREMENT,
  `holidays` text COLLATE utf8_slovak_ci NOT NULL,
  PRIMARY KEY (`id`)
) ENGINE=InnoDB  DEFAULT CHARSET=utf8 COLLATE=utf8_slovak_ci AUTO_INCREMENT=2 ;

--
-- Dumping data for table `holidays`
--

INSERT INTO `holidays` (`id`, `holidays`) VALUES
(1, '5-13,12-24,12-25,12-26,12-27,12-28,12-07,12-14,12-15,12-16');

-- --------------------------------------------------------

--
-- Table structure for table `time_slot`
--

CREATE TABLE IF NOT EXISTS `time_slot` (
  `id` int(11) NOT NULL AUTO_INCREMENT,
  `id_gate` int(11) NOT NULL,
  `id_external_dispatcher` int(11) NOT NULL,
  `id_truck_driver_1` int(11) NOT NULL,
  `id_truck_driver_2` int(11) NOT NULL,
  `evc_truck` varchar(20) COLLATE utf8_slovak_ci DEFAULT NULL,
  `id_destination_order` int(11) DEFAULT NULL,
  `start_date_time` timestamp NOT NULL DEFAULT '0000-00-00 00:00:00',
  `end_date_time` timestamp NOT NULL DEFAULT '0000-00-00 00:00:00',
  `state` varchar(20) COLLATE utf8_slovak_ci NOT NULL,
  `ocupide_start_time` timestamp NOT NULL DEFAULT '0000-00-00 00:00:00',
  `ocupide_end_time` timestamp NOT NULL DEFAULT '0000-00-00 00:00:00',
  PRIMARY KEY (`id`)
) ENGINE=InnoDB  DEFAULT CHARSET=utf8 COLLATE=utf8_slovak_ci AUTO_INCREMENT=41856 ;

--
-- Dumping data for table `time_slot`
--

INSERT INTO `time_slot` (`id`, `id_gate`, `id_external_dispatcher`, `id_truck_driver_1`, `id_truck_driver_2`, `evc_truck`, `id_destination_order`, `start_date_time`, `end_date_time`, `state`, `ocupide_start_time`, `ocupide_end_time`) VALUES
(41016, 1, 0, 0, 0, NULL, NULL, '2020-12-08 06:00:00', '2020-12-08 08:30:00', 'prepared', '0000-00-00 00:00:00', '0000-00-00 00:00:00'),
(41017, 1, 13, 1, 5, 'KM-955-AW', 2, '2020-12-08 08:30:00', '2020-12-08 11:00:00', 'requested', '0000-00-00 00:00:00', '0000-00-00 00:00:00'),
(41018, 1, 8, 1, 0, 'AD-401-KV', 1, '2020-12-08 11:00:00', '2020-12-08 13:30:00', 'finished', '0000-00-00 00:00:00', '0000-00-00 00:00:00'),
(41019, 1, 17, 8, 1, 'JN-791-AR', 1, '2020-12-08 13:30:00', '2020-12-08 16:00:00', 'booked', '0000-00-00 00:00:00', '0000-00-00 00:00:00'),
(41020, 1, 18, 8, 0, 'EP-397-JW', 2, '2020-12-08 16:00:00', '2020-12-08 18:30:00', 'requested', '0000-00-00 00:00:00', '0000-00-00 00:00:00'),
(41021, 1, 7, 1, 14, 'ET-633-PT', 1, '2020-12-08 18:30:00', '2020-12-08 21:00:00', 'booked', '0000-00-00 00:00:00', '0000-00-00 00:00:00'),
(41022, 1, 0, 0, 0, NULL, NULL, '2020-12-09 05:00:00', '2020-12-09 07:30:00', 'requested', '0000-00-00 00:00:00', '0000-00-00 00:00:00'),
(41023, 1, 14, 14, 0, 'IU-730-NX', 1, '2020-12-09 07:30:00', '2020-12-09 10:00:00', 'finished', '0000-00-00 00:00:00', '0000-00-00 00:00:00'),
(41024, 1, 8, 9, 16, 'KU-561-DH', 1, '2020-12-09 10:00:00', '2020-12-09 12:30:00', 'booked', '0000-00-00 00:00:00', '0000-00-00 00:00:00'),
(41025, 1, 13, 1, 0, 'CF-875-RX', 2, '2020-12-09 12:30:00', '2020-12-09 15:00:00', 'finished', '0000-00-00 00:00:00', '0000-00-00 00:00:00'),
(41026, 1, 17, 7, 12, 'RW-265-JM', 2, '2020-12-09 15:00:00', '2020-12-09 17:30:00', 'finished', '0000-00-00 00:00:00', '0000-00-00 00:00:00'),
(41027, 1, 0, 0, 0, NULL, NULL, '2020-12-09 17:30:00', '2020-12-09 20:00:00', 'requested', '0000-00-00 00:00:00', '0000-00-00 00:00:00'),
(41028, 1, 3, 3, 5, 'OX-689-FU', 2, '2020-12-10 05:00:00', '2020-12-10 07:30:00', 'booked', '0000-00-00 00:00:00', '0000-00-00 00:00:00'),
(41029, 1, 6, 11, 0, 'AF-930-QR', 2, '2020-12-10 07:30:00', '2020-12-10 10:00:00', 'requested', '0000-00-00 00:00:00', '0000-00-00 00:00:00'),
(41030, 1, 0, 0, 0, NULL, NULL, '2020-12-10 10:00:00', '2020-12-10 12:30:00', 'requested', '0000-00-00 00:00:00', '0000-00-00 00:00:00'),
(41031, 1, 6, 14, 7, 'SV-694-MN', 1, '2020-12-10 12:30:00', '2020-12-10 15:00:00', 'finished', '0000-00-00 00:00:00', '0000-00-00 00:00:00'),
(41032, 1, 0, 0, 0, NULL, NULL, '2020-12-10 15:00:00', '2020-12-10 17:30:00', 'requested', '0000-00-00 00:00:00', '0000-00-00 00:00:00'),
(41033, 1, 10, 10, 0, 'FU-141-BG', 2, '2020-12-10 17:30:00', '2020-12-10 20:00:00', 'requested', '0000-00-00 00:00:00', '0000-00-00 00:00:00'),
(41034, 1, 3, 4, 14, 'AF-278-HQ', 1, '2020-12-11 06:00:00', '2020-12-11 08:30:00', 'finished', '0000-00-00 00:00:00', '0000-00-00 00:00:00'),
(41035, 1, 13, 10, 0, 'AK-960-HW', 1, '2020-12-11 08:30:00', '2020-12-11 11:00:00', 'booked', '0000-00-00 00:00:00', '0000-00-00 00:00:00'),
(41036, 1, 14, 3, 14, 'LU-421-BG', 1, '2020-12-11 11:00:00', '2020-12-11 13:30:00', 'finished', '0000-00-00 00:00:00', '0000-00-00 00:00:00'),
(41037, 1, 9, 13, 2, 'GU-296-GY', 1, '2020-12-11 13:30:00', '2020-12-11 16:00:00', 'booked', '0000-00-00 00:00:00', '0000-00-00 00:00:00'),
(41038, 1, 10, 15, 7, 'GZ-299-NU', 1, '2020-12-11 16:00:00', '2020-12-11 18:30:00', 'booked', '0000-00-00 00:00:00', '0000-00-00 00:00:00'),
(41039, 1, 8, 11, 15, 'WY-638-QW', 1, '2020-12-11 18:30:00', '2020-12-11 21:00:00', 'booked', '0000-00-00 00:00:00', '0000-00-00 00:00:00'),
(41040, 1, 18, 3, 11, 'NU-401-MW', 1, '2020-12-12 06:00:00', '2020-12-12 08:30:00', 'booked', '0000-00-00 00:00:00', '0000-00-00 00:00:00'),
(41041, 1, 7, 6, 3, 'RU-534-LT', 2, '2020-12-12 08:30:00', '2020-12-12 11:00:00', 'finished', '0000-00-00 00:00:00', '0000-00-00 00:00:00'),
(41042, 1, 17, 3, 4, 'DX-422-VZ', 2, '2020-12-12 11:00:00', '2020-12-12 13:30:00', 'booked', '0000-00-00 00:00:00', '0000-00-00 00:00:00'),
(41043, 1, 17, 7, 3, 'PS-525-CM', 1, '2020-12-12 13:30:00', '2020-12-12 16:00:00', 'booked', '0000-00-00 00:00:00', '0000-00-00 00:00:00'),
(41044, 1, 17, 2, 0, 'CR-549-IT', 1, '2020-12-12 16:00:00', '2020-12-12 18:30:00', 'finished', '0000-00-00 00:00:00', '0000-00-00 00:00:00'),
(41045, 1, 18, 4, 0, 'AU-900-DL', 1, '2020-12-12 18:30:00', '2020-12-12 21:00:00', 'requested', '0000-00-00 00:00:00', '0000-00-00 00:00:00'),
(41046, 1, 15, 13, 10, 'LS-126-PS', 2, '2020-12-13 06:00:00', '2020-12-13 08:30:00', 'requested', '0000-00-00 00:00:00', '0000-00-00 00:00:00'),
(41047, 1, 15, 7, 0, 'ER-654-DS', 1, '2020-12-13 08:30:00', '2020-12-13 11:00:00', 'finished', '0000-00-00 00:00:00', '0000-00-00 00:00:00'),
(41048, 1, 13, 12, 0, 'MP-608-GQ', 2, '2020-12-13 11:00:00', '2020-12-13 13:30:00', 'booked', '0000-00-00 00:00:00', '0000-00-00 00:00:00'),
(41049, 1, 15, 15, 11, 'HY-568-AN', 1, '2020-12-13 13:30:00', '2020-12-13 16:00:00', 'booked', '0000-00-00 00:00:00', '0000-00-00 00:00:00'),
(41050, 1, 13, 9, 12, 'DR-244-CN', 1, '2020-12-13 16:00:00', '2020-12-13 18:30:00', 'booked', '0000-00-00 00:00:00', '0000-00-00 00:00:00'),
(41051, 1, 15, 14, 15, 'JY-902-JT', 2, '2020-12-13 18:30:00', '2020-12-13 21:00:00', 'booked', '0000-00-00 00:00:00', '0000-00-00 00:00:00'),
(41052, 1, 6, 12, 0, 'AZ-289-SZ', 2, '2020-12-14 06:00:00', '2020-12-14 08:30:00', 'finished', '0000-00-00 00:00:00', '0000-00-00 00:00:00'),
(41053, 1, 3, 10, 7, 'QW-133-YZ', 1, '2020-12-14 08:30:00', '2020-12-14 11:00:00', 'booked', '0000-00-00 00:00:00', '0000-00-00 00:00:00'),
(41054, 1, 13, 14, 0, 'NP-451-FY', 1, '2020-12-14 11:00:00', '2020-12-14 13:30:00', 'requested', '0000-00-00 00:00:00', '0000-00-00 00:00:00'),
(41055, 1, 10, 7, 10, 'JM-847-UX', 2, '2020-12-14 13:30:00', '2020-12-14 16:00:00', 'booked', '0000-00-00 00:00:00', '0000-00-00 00:00:00'),
(41056, 1, 17, 8, 0, 'OQ-510-IL', 2, '2020-12-14 16:00:00', '2020-12-14 18:30:00', 'finished', '0000-00-00 00:00:00', '0000-00-00 00:00:00'),
(41057, 1, 6, 8, 0, 'SX-561-FS', 2, '2020-12-14 18:30:00', '2020-12-14 21:00:00', 'requested', '0000-00-00 00:00:00', '0000-00-00 00:00:00'),
(41058, 1, 6, 10, 10, 'LR-666-CQ', 1, '2020-12-15 06:00:00', '2020-12-15 08:30:00', 'finished', '0000-00-00 00:00:00', '0000-00-00 00:00:00'),
(41059, 1, 0, 0, 0, NULL, NULL, '2020-12-15 08:30:00', '2020-12-15 11:00:00', 'requested', '0000-00-00 00:00:00', '0000-00-00 00:00:00'),
(41060, 1, 15, 11, 5, 'UX-135-RS', 2, '2020-12-15 11:00:00', '2020-12-15 13:30:00', 'booked', '0000-00-00 00:00:00', '0000-00-00 00:00:00'),
(41061, 1, 15, 14, 0, 'BX-637-CR', 1, '2020-12-15 13:30:00', '2020-12-15 16:00:00', 'finished', '0000-00-00 00:00:00', '0000-00-00 00:00:00'),
(41062, 1, 10, 1, 6, 'TW-457-EY', 2, '2020-12-15 16:00:00', '2020-12-15 18:30:00', 'finished', '0000-00-00 00:00:00', '0000-00-00 00:00:00'),
(41063, 1, 6, 16, 3, 'DF-596-DX', 2, '2020-12-15 18:30:00', '2020-12-15 21:00:00', 'booked', '0000-00-00 00:00:00', '0000-00-00 00:00:00'),
(41064, 1, 0, 0, 0, NULL, NULL, '2020-12-16 05:00:00', '2020-12-16 07:30:00', 'requested', '0000-00-00 00:00:00', '0000-00-00 00:00:00'),
(41065, 1, 9, 11, 16, 'LX-814-DV', 2, '2020-12-16 07:30:00', '2020-12-16 10:00:00', 'requested', '0000-00-00 00:00:00', '0000-00-00 00:00:00'),
(41066, 1, 9, 9, 12, 'LO-505-GJ', 2, '2020-12-16 10:00:00', '2020-12-16 12:30:00', 'booked', '0000-00-00 00:00:00', '0000-00-00 00:00:00'),
(41067, 1, 6, 12, 8, 'AI-112-PY', 2, '2020-12-16 12:30:00', '2020-12-16 15:00:00', 'requested', '0000-00-00 00:00:00', '0000-00-00 00:00:00'),
(41068, 1, 0, 0, 0, NULL, NULL, '2020-12-16 15:00:00', '2020-12-16 17:30:00', 'requested', '0000-00-00 00:00:00', '0000-00-00 00:00:00'),
(41069, 1, 6, 14, 0, 'VW-127-IM', 2, '2020-12-16 17:30:00', '2020-12-16 20:00:00', 'booked', '0000-00-00 00:00:00', '0000-00-00 00:00:00'),
(41070, 1, 13, 1, 0, 'DK-365-MQ', 2, '2020-12-17 05:00:00', '2020-12-17 07:30:00', 'finished', '0000-00-00 00:00:00', '0000-00-00 00:00:00'),
(41071, 1, 0, 0, 0, NULL, NULL, '2020-12-17 07:30:00', '2020-12-17 10:00:00', 'requested', '0000-00-00 00:00:00', '0000-00-00 00:00:00'),
(41072, 1, 18, 2, 2, 'CK-902-TX', 1, '2020-12-17 10:00:00', '2020-12-17 12:30:00', 'booked', '0000-00-00 00:00:00', '0000-00-00 00:00:00'),
(41073, 1, 6, 8, 0, 'NX-785-KZ', 2, '2020-12-17 12:30:00', '2020-12-17 15:00:00', 'requested', '0000-00-00 00:00:00', '0000-00-00 00:00:00'),
(41074, 1, 18, 10, 6, 'MY-915-FP', 2, '2020-12-17 15:00:00', '2020-12-17 17:30:00', 'requested', '0000-00-00 00:00:00', '0000-00-00 00:00:00'),
(41075, 1, 0, 0, 0, NULL, NULL, '2020-12-17 17:30:00', '2020-12-17 20:00:00', 'requested', '0000-00-00 00:00:00', '0000-00-00 00:00:00'),
(41076, 1, 15, 16, 0, 'RY-600-PQ', 2, '2020-12-18 06:00:00', '2020-12-18 08:30:00', 'booked', '0000-00-00 00:00:00', '0000-00-00 00:00:00'),
(41077, 1, 18, 4, 0, 'WY-643-DK', 2, '2020-12-18 08:30:00', '2020-12-18 11:00:00', 'booked', '0000-00-00 00:00:00', '0000-00-00 00:00:00'),
(41078, 1, 10, 10, 0, 'GT-699-AH', 1, '2020-12-18 11:00:00', '2020-12-18 13:30:00', 'finished', '0000-00-00 00:00:00', '0000-00-00 00:00:00'),
(41079, 1, 0, 0, 0, NULL, NULL, '2020-12-18 13:30:00', '2020-12-18 16:00:00', 'requested', '0000-00-00 00:00:00', '0000-00-00 00:00:00'),
(41080, 1, 0, 0, 0, NULL, NULL, '2020-12-18 16:00:00', '2020-12-18 18:30:00', 'prepared', '0000-00-00 00:00:00', '0000-00-00 00:00:00'),
(41081, 1, 7, 4, 0, 'AL-583-XY', 2, '2020-12-18 18:30:00', '2020-12-18 21:00:00', 'requested', '0000-00-00 00:00:00', '0000-00-00 00:00:00'),
(41082, 1, 0, 0, 0, NULL, NULL, '2020-12-19 06:00:00', '2020-12-19 08:30:00', 'requested', '0000-00-00 00:00:00', '0000-00-00 00:00:00'),
(41083, 1, 0, 0, 0, NULL, NULL, '2020-12-19 08:30:00', '2020-12-19 11:00:00', 'requested', '0000-00-00 00:00:00', '0000-00-00 00:00:00'),
(41084, 1, 0, 0, 0, NULL, NULL, '2020-12-19 11:00:00', '2020-12-19 13:30:00', 'requested', '0000-00-00 00:00:00', '0000-00-00 00:00:00'),
(41085, 1, 0, 0, 0, NULL, NULL, '2020-12-19 13:30:00', '2020-12-19 16:00:00', 'requested', '0000-00-00 00:00:00', '0000-00-00 00:00:00'),
(41086, 1, 0, 0, 0, NULL, NULL, '2020-12-19 16:00:00', '2020-12-19 18:30:00', 'prepared', '0000-00-00 00:00:00', '0000-00-00 00:00:00'),
(41087, 1, 0, 0, 0, NULL, NULL, '2020-12-19 18:30:00', '2020-12-19 21:00:00', 'requested', '0000-00-00 00:00:00', '0000-00-00 00:00:00'),
(41088, 1, 0, 0, 0, NULL, NULL, '2020-12-20 06:00:00', '2020-12-20 08:30:00', 'requested', '0000-00-00 00:00:00', '0000-00-00 00:00:00'),
(41089, 1, 0, 0, 0, NULL, NULL, '2020-12-20 08:30:00', '2020-12-20 11:00:00', 'requested', '0000-00-00 00:00:00', '0000-00-00 00:00:00'),
(41090, 1, 0, 0, 0, NULL, NULL, '2020-12-20 11:00:00', '2020-12-20 13:30:00', 'requested', '0000-00-00 00:00:00', '0000-00-00 00:00:00'),
(41091, 1, 0, 0, 0, NULL, NULL, '2020-12-20 13:30:00', '2020-12-20 16:00:00', 'requested', '0000-00-00 00:00:00', '0000-00-00 00:00:00'),
(41092, 1, 0, 0, 0, NULL, NULL, '2020-12-20 16:00:00', '2020-12-20 18:30:00', 'requested', '0000-00-00 00:00:00', '0000-00-00 00:00:00'),
(41093, 1, 0, 0, 0, NULL, NULL, '2020-12-20 18:30:00', '2020-12-20 21:00:00', 'prepared', '0000-00-00 00:00:00', '0000-00-00 00:00:00'),
(41094, 1, 0, 0, 0, NULL, NULL, '2020-12-21 06:00:00', '2020-12-21 08:30:00', 'requested', '0000-00-00 00:00:00', '0000-00-00 00:00:00'),
(41095, 1, 0, 0, 0, NULL, NULL, '2020-12-21 08:30:00', '2020-12-21 11:00:00', 'prepared', '0000-00-00 00:00:00', '0000-00-00 00:00:00'),
(41096, 1, 0, 0, 0, NULL, NULL, '2020-12-21 11:00:00', '2020-12-21 13:30:00', 'requested', '0000-00-00 00:00:00', '0000-00-00 00:00:00'),
(41097, 1, 0, 0, 0, NULL, NULL, '2020-12-21 13:30:00', '2020-12-21 16:00:00', 'requested', '0000-00-00 00:00:00', '0000-00-00 00:00:00'),
(41098, 1, 0, 0, 0, NULL, NULL, '2020-12-21 16:00:00', '2020-12-21 18:30:00', 'prepared', '0000-00-00 00:00:00', '0000-00-00 00:00:00'),
(41099, 1, 0, 0, 0, NULL, NULL, '2020-12-21 18:30:00', '2020-12-21 21:00:00', 'prepared', '0000-00-00 00:00:00', '0000-00-00 00:00:00'),
(41100, 2, 13, 6, 16, 'FH-937-PZ', 2, '2020-12-08 06:00:00', '2020-12-08 08:30:00', 'requested', '0000-00-00 00:00:00', '0000-00-00 00:00:00'),
(41101, 2, 13, 5, 0, 'JN-226-PS', 1, '2020-12-08 08:30:00', '2020-12-08 11:00:00', 'requested', '0000-00-00 00:00:00', '0000-00-00 00:00:00'),
(41102, 2, 13, 14, 0, 'JT-264-ER', 2, '2020-12-08 11:00:00', '2020-12-08 13:30:00', 'finished', '0000-00-00 00:00:00', '0000-00-00 00:00:00'),
(41103, 2, 17, 11, 0, 'LW-592-BO', 2, '2020-12-08 13:30:00', '2020-12-08 16:00:00', 'requested', '0000-00-00 00:00:00', '0000-00-00 00:00:00'),
(41104, 2, 10, 14, 16, 'KZ-507-GV', 2, '2020-12-08 16:00:00', '2020-12-08 18:30:00', 'booked', '0000-00-00 00:00:00', '0000-00-00 00:00:00'),
(41105, 2, 10, 8, 0, 'OS-889-DP', 2, '2020-12-08 18:30:00', '2020-12-08 21:00:00', 'requested', '0000-00-00 00:00:00', '0000-00-00 00:00:00'),
(41106, 2, 9, 6, 0, 'HL-951-BP', 2, '2020-12-09 05:00:00', '2020-12-09 07:30:00', 'booked', '0000-00-00 00:00:00', '0000-00-00 00:00:00'),
(41107, 2, 7, 4, 0, 'NW-529-BP', 2, '2020-12-09 07:30:00', '2020-12-09 10:00:00', 'finished', '0000-00-00 00:00:00', '0000-00-00 00:00:00'),
(41108, 2, 7, 4, 9, 'LN-670-AU', 2, '2020-12-09 10:00:00', '2020-12-09 12:30:00', 'requested', '0000-00-00 00:00:00', '0000-00-00 00:00:00'),
(41109, 2, 6, 4, 8, 'DX-957-BI', 1, '2020-12-09 12:30:00', '2020-12-09 15:00:00', 'booked', '0000-00-00 00:00:00', '0000-00-00 00:00:00'),
(41110, 2, 6, 12, 0, 'FK-818-FG', 1, '2020-12-09 15:00:00', '2020-12-09 17:30:00', 'requested', '0000-00-00 00:00:00', '0000-00-00 00:00:00'),
(41111, 2, 10, 7, 0, 'EV-439-GN', 2, '2020-12-09 17:30:00', '2020-12-09 20:00:00', 'finished', '0000-00-00 00:00:00', '0000-00-00 00:00:00'),
(41112, 2, 15, 10, 0, 'NX-891-AE', 2, '2020-12-10 05:00:00', '2020-12-10 07:30:00', 'booked', '0000-00-00 00:00:00', '0000-00-00 00:00:00'),
(41113, 2, 14, 2, 0, 'MX-605-NO', 1, '2020-12-10 07:30:00', '2020-12-10 10:00:00', 'booked', '0000-00-00 00:00:00', '0000-00-00 00:00:00'),
(41114, 2, 3, 16, 16, 'IP-678-GR', 2, '2020-12-10 10:00:00', '2020-12-10 12:30:00', 'booked', '0000-00-00 00:00:00', '0000-00-00 00:00:00'),
(41115, 2, 0, 0, 0, NULL, NULL, '2020-12-10 12:30:00', '2020-12-10 15:00:00', 'prepared', '0000-00-00 00:00:00', '0000-00-00 00:00:00'),
(41116, 2, 0, 0, 0, NULL, NULL, '2020-12-10 15:00:00', '2020-12-10 17:30:00', 'prepared', '0000-00-00 00:00:00', '0000-00-00 00:00:00'),
(41117, 2, 7, 7, 0, 'IM-871-SW', 2, '2020-12-10 17:30:00', '2020-12-10 20:00:00', 'requested', '0000-00-00 00:00:00', '0000-00-00 00:00:00'),
(41118, 2, 6, 12, 8, 'EH-398-TW', 2, '2020-12-11 06:00:00', '2020-12-11 08:30:00', 'requested', '0000-00-00 00:00:00', '0000-00-00 00:00:00'),
(41119, 2, 10, 13, 8, 'BM-873-AP', 2, '2020-12-11 08:30:00', '2020-12-11 11:00:00', 'requested', '0000-00-00 00:00:00', '0000-00-00 00:00:00'),
(41120, 2, 9, 2, 3, 'IP-165-AU', 1, '2020-12-11 11:00:00', '2020-12-11 13:30:00', 'booked', '0000-00-00 00:00:00', '0000-00-00 00:00:00'),
(41121, 2, 9, 5, 0, 'DE-220-HP', 2, '2020-12-11 13:30:00', '2020-12-11 16:00:00', 'finished', '0000-00-00 00:00:00', '0000-00-00 00:00:00'),
(41122, 2, 17, 6, 10, 'GM-861-SW', 2, '2020-12-11 16:00:00', '2020-12-11 18:30:00', 'booked', '0000-00-00 00:00:00', '0000-00-00 00:00:00'),
(41123, 2, 13, 14, 12, 'SW-936-HL', 1, '2020-12-11 18:30:00', '2020-12-11 21:00:00', 'finished', '0000-00-00 00:00:00', '0000-00-00 00:00:00'),
(41124, 2, 18, 16, 0, 'MW-498-ER', 1, '2020-12-12 06:00:00', '2020-12-12 08:30:00', 'finished', '0000-00-00 00:00:00', '0000-00-00 00:00:00'),
(41125, 2, 3, 10, 8, 'KZ-151-CM', 1, '2020-12-12 08:30:00', '2020-12-12 11:00:00', 'requested', '0000-00-00 00:00:00', '0000-00-00 00:00:00'),
(41126, 2, 18, 5, 0, 'IJ-254-DR', 1, '2020-12-12 11:00:00', '2020-12-12 13:30:00', 'finished', '0000-00-00 00:00:00', '0000-00-00 00:00:00'),
(41127, 2, 9, 7, 0, 'HI-705-CP', 1, '2020-12-12 13:30:00', '2020-12-12 16:00:00', 'booked', '0000-00-00 00:00:00', '0000-00-00 00:00:00'),
(41128, 2, 9, 2, 0, 'JX-742-AW', 2, '2020-12-12 16:00:00', '2020-12-12 18:30:00', 'finished', '0000-00-00 00:00:00', '0000-00-00 00:00:00'),
(41129, 2, 17, 3, 9, 'OS-654-AN', 1, '2020-12-12 18:30:00', '2020-12-12 21:00:00', 'finished', '0000-00-00 00:00:00', '0000-00-00 00:00:00'),
(41130, 2, 3, 15, 0, 'QT-334-KO', 2, '2020-12-13 06:00:00', '2020-12-13 08:30:00', 'requested', '0000-00-00 00:00:00', '0000-00-00 00:00:00'),
(41131, 2, 0, 0, 0, NULL, NULL, '2020-12-13 08:30:00', '2020-12-13 11:00:00', 'prepared', '0000-00-00 00:00:00', '0000-00-00 00:00:00'),
(41132, 2, 8, 9, 4, 'CI-803-OS', 1, '2020-12-13 11:00:00', '2020-12-13 13:30:00', 'booked', '0000-00-00 00:00:00', '0000-00-00 00:00:00'),
(41133, 2, 13, 12, 0, 'RV-680-FP', 2, '2020-12-13 13:30:00', '2020-12-13 16:00:00', 'booked', '0000-00-00 00:00:00', '0000-00-00 00:00:00'),
(41134, 2, 15, 15, 0, 'WX-727-BJ', 2, '2020-12-13 16:00:00', '2020-12-13 18:30:00', 'requested', '0000-00-00 00:00:00', '0000-00-00 00:00:00'),
(41135, 2, 15, 5, 0, 'NS-668-UX', 2, '2020-12-13 18:30:00', '2020-12-13 21:00:00', 'booked', '0000-00-00 00:00:00', '0000-00-00 00:00:00'),
(41136, 2, 14, 16, 6, 'HY-998-BU', 1, '2020-12-14 06:00:00', '2020-12-14 08:30:00', 'requested', '0000-00-00 00:00:00', '0000-00-00 00:00:00'),
(41137, 2, 13, 7, 12, 'IJ-518-QZ', 1, '2020-12-14 08:30:00', '2020-12-14 11:00:00', 'finished', '0000-00-00 00:00:00', '0000-00-00 00:00:00'),
(41138, 2, 8, 13, 0, 'MP-518-DX', 1, '2020-12-14 11:00:00', '2020-12-14 13:30:00', 'finished', '0000-00-00 00:00:00', '0000-00-00 00:00:00'),
(41139, 2, 18, 12, 0, 'KN-634-ES', 1, '2020-12-14 13:30:00', '2020-12-14 16:00:00', 'requested', '0000-00-00 00:00:00', '0000-00-00 00:00:00'),
(41140, 2, 0, 0, 0, NULL, NULL, '2020-12-14 16:00:00', '2020-12-14 18:30:00', 'prepared', '0000-00-00 00:00:00', '0000-00-00 00:00:00'),
(41141, 2, 13, 2, 0, 'AG-339-DI', 2, '2020-12-14 18:30:00', '2020-12-14 21:00:00', 'requested', '0000-00-00 00:00:00', '0000-00-00 00:00:00'),
(41142, 2, 10, 14, 0, 'KU-340-YZ', 1, '2020-12-15 06:00:00', '2020-12-15 08:30:00', 'booked', '0000-00-00 00:00:00', '0000-00-00 00:00:00'),
(41143, 2, 15, 9, 0, 'ER-570-OZ', 2, '2020-12-15 08:30:00', '2020-12-15 11:00:00', 'finished', '0000-00-00 00:00:00', '0000-00-00 00:00:00'),
(41144, 2, 0, 0, 0, NULL, NULL, '2020-12-15 11:00:00', '2020-12-15 13:30:00', 'prepared', '0000-00-00 00:00:00', '0000-00-00 00:00:00'),
(41145, 2, 0, 0, 0, NULL, NULL, '2020-12-15 13:30:00', '2020-12-15 16:00:00', 'prepared', '0000-00-00 00:00:00', '0000-00-00 00:00:00'),
(41146, 2, 7, 11, 0, 'FI-193-DW', 2, '2020-12-15 16:00:00', '2020-12-15 18:30:00', 'finished', '0000-00-00 00:00:00', '0000-00-00 00:00:00'),
(41147, 2, 9, 12, 0, 'DX-934-IL', 2, '2020-12-15 18:30:00', '2020-12-15 21:00:00', 'requested', '0000-00-00 00:00:00', '0000-00-00 00:00:00'),
(41148, 2, 15, 11, 14, 'IX-442-EP', 2, '2020-12-16 05:00:00', '2020-12-16 07:30:00', 'finished', '0000-00-00 00:00:00', '0000-00-00 00:00:00'),
(41149, 2, 18, 10, 0, 'GU-594-GI', 1, '2020-12-16 07:30:00', '2020-12-16 10:00:00', 'finished', '0000-00-00 00:00:00', '0000-00-00 00:00:00'),
(41150, 2, 17, 1, 0, 'XZ-384-KL', 2, '2020-12-16 10:00:00', '2020-12-16 12:30:00', 'booked', '0000-00-00 00:00:00', '0000-00-00 00:00:00'),
(41151, 2, 0, 0, 0, NULL, NULL, '2020-12-16 12:30:00', '2020-12-16 15:00:00', 'prepared', '0000-00-00 00:00:00', '0000-00-00 00:00:00'),
(41152, 2, 15, 1, 0, 'MV-257-HM', 2, '2020-12-16 15:00:00', '2020-12-16 17:30:00', 'requested', '0000-00-00 00:00:00', '0000-00-00 00:00:00'),
(41153, 2, 18, 9, 3, 'AI-740-DX', 2, '2020-12-16 17:30:00', '2020-12-16 20:00:00', 'booked', '0000-00-00 00:00:00', '0000-00-00 00:00:00'),
(41154, 2, 15, 15, 10, 'AJ-813-FX', 2, '2020-12-17 05:00:00', '2020-12-17 07:30:00', 'finished', '0000-00-00 00:00:00', '0000-00-00 00:00:00'),
(41155, 2, 17, 11, 2, 'JN-296-CO', 2, '2020-12-17 07:30:00', '2020-12-17 10:00:00', 'finished', '0000-00-00 00:00:00', '0000-00-00 00:00:00'),
(41156, 2, 15, 13, 0, 'KR-444-IR', 2, '2020-12-17 10:00:00', '2020-12-17 12:30:00', 'booked', '0000-00-00 00:00:00', '0000-00-00 00:00:00'),
(41157, 2, 15, 4, 14, 'EH-477-PX', 2, '2020-12-17 12:30:00', '2020-12-17 15:00:00', 'finished', '0000-00-00 00:00:00', '0000-00-00 00:00:00'),
(41158, 2, 7, 3, 0, 'NX-277-NO', 1, '2020-12-17 15:00:00', '2020-12-17 17:30:00', 'booked', '0000-00-00 00:00:00', '0000-00-00 00:00:00'),
(41159, 2, 0, 0, 0, NULL, NULL, '2020-12-17 17:30:00', '2020-12-17 20:00:00', 'prepared', '0000-00-00 00:00:00', '0000-00-00 00:00:00'),
(41160, 2, 3, 8, 0, 'LQ-696-CX', 2, '2020-12-18 06:00:00', '2020-12-18 08:30:00', 'booked', '0000-00-00 00:00:00', '0000-00-00 00:00:00'),
(41161, 2, 15, 9, 0, 'HV-128-IN', 2, '2020-12-18 08:30:00', '2020-12-18 11:00:00', 'booked', '0000-00-00 00:00:00', '0000-00-00 00:00:00'),
(41162, 2, 6, 8, 0, 'JQ-541-FO', 1, '2020-12-18 11:00:00', '2020-12-18 13:30:00', 'booked', '0000-00-00 00:00:00', '0000-00-00 00:00:00'),
(41163, 2, 15, 11, 0, 'AO-956-BI', 1, '2020-12-18 13:30:00', '2020-12-18 16:00:00', 'finished', '0000-00-00 00:00:00', '0000-00-00 00:00:00'),
(41164, 2, 7, 15, 1, 'FT-114-BG', 2, '2020-12-18 16:00:00', '2020-12-18 18:30:00', 'requested', '0000-00-00 00:00:00', '0000-00-00 00:00:00'),
(41165, 2, 9, 10, 5, 'WX-122-BI', 2, '2020-12-18 18:30:00', '2020-12-18 21:00:00', 'booked', '0000-00-00 00:00:00', '0000-00-00 00:00:00'),
(41166, 2, 0, 0, 0, NULL, NULL, '2020-12-19 06:00:00', '2020-12-19 08:30:00', 'prepared', '0000-00-00 00:00:00', '0000-00-00 00:00:00'),
(41167, 2, 0, 0, 0, NULL, NULL, '2020-12-19 08:30:00', '2020-12-19 11:00:00', 'prepared', '0000-00-00 00:00:00', '0000-00-00 00:00:00'),
(41168, 2, 0, 0, 0, NULL, NULL, '2020-12-19 11:00:00', '2020-12-19 13:30:00', 'prepared', '0000-00-00 00:00:00', '0000-00-00 00:00:00'),
(41169, 2, 0, 0, 0, NULL, NULL, '2020-12-19 13:30:00', '2020-12-19 16:00:00', 'prepared', '0000-00-00 00:00:00', '0000-00-00 00:00:00'),
(41170, 2, 0, 0, 0, NULL, NULL, '2020-12-19 16:00:00', '2020-12-19 18:30:00', 'prepared', '0000-00-00 00:00:00', '0000-00-00 00:00:00'),
(41171, 2, 0, 0, 0, NULL, NULL, '2020-12-19 18:30:00', '2020-12-19 21:00:00', 'prepared', '0000-00-00 00:00:00', '0000-00-00 00:00:00'),
(41172, 2, 0, 0, 0, NULL, NULL, '2020-12-20 06:00:00', '2020-12-20 08:30:00', 'prepared', '0000-00-00 00:00:00', '0000-00-00 00:00:00'),
(41173, 2, 0, 0, 0, NULL, NULL, '2020-12-20 08:30:00', '2020-12-20 11:00:00', 'prepared', '0000-00-00 00:00:00', '0000-00-00 00:00:00'),
(41174, 2, 0, 0, 0, NULL, NULL, '2020-12-20 11:00:00', '2020-12-20 13:30:00', 'prepared', '0000-00-00 00:00:00', '0000-00-00 00:00:00'),
(41175, 2, 0, 0, 0, NULL, NULL, '2020-12-20 13:30:00', '2020-12-20 16:00:00', 'prepared', '0000-00-00 00:00:00', '0000-00-00 00:00:00'),
(41176, 2, 0, 0, 0, NULL, NULL, '2020-12-20 16:00:00', '2020-12-20 18:30:00', 'prepared', '0000-00-00 00:00:00', '0000-00-00 00:00:00'),
(41177, 2, 0, 0, 0, NULL, NULL, '2020-12-20 18:30:00', '2020-12-20 21:00:00', 'prepared', '0000-00-00 00:00:00', '0000-00-00 00:00:00'),
(41178, 2, 0, 0, 0, NULL, NULL, '2020-12-21 06:00:00', '2020-12-21 08:30:00', 'prepared', '0000-00-00 00:00:00', '0000-00-00 00:00:00'),
(41179, 2, 0, 0, 0, NULL, NULL, '2020-12-21 08:30:00', '2020-12-21 11:00:00', 'prepared', '0000-00-00 00:00:00', '0000-00-00 00:00:00'),
(41180, 2, 0, 0, 0, NULL, NULL, '2020-12-21 11:00:00', '2020-12-21 13:30:00', 'prepared', '0000-00-00 00:00:00', '0000-00-00 00:00:00'),
(41181, 2, 0, 0, 0, NULL, NULL, '2020-12-21 13:30:00', '2020-12-21 16:00:00', 'prepared', '0000-00-00 00:00:00', '0000-00-00 00:00:00'),
(41182, 2, 0, 0, 0, NULL, NULL, '2020-12-21 16:00:00', '2020-12-21 18:30:00', 'prepared', '0000-00-00 00:00:00', '0000-00-00 00:00:00'),
(41183, 2, 0, 0, 0, NULL, NULL, '2020-12-21 18:30:00', '2020-12-21 21:00:00', 'prepared', '0000-00-00 00:00:00', '0000-00-00 00:00:00'),
(41184, 3, 7, 11, 7, 'QY-383-CG', 1, '2020-12-08 06:00:00', '2020-12-08 08:30:00', 'booked', '0000-00-00 00:00:00', '0000-00-00 00:00:00'),
(41185, 3, 8, 4, 0, 'MV-161-DO', 1, '2020-12-08 08:30:00', '2020-12-08 11:00:00', 'requested', '0000-00-00 00:00:00', '0000-00-00 00:00:00'),
(41186, 3, 13, 9, 10, 'FS-496-OW', 1, '2020-12-08 11:00:00', '2020-12-08 13:30:00', 'requested', '0000-00-00 00:00:00', '0000-00-00 00:00:00'),
(41187, 3, 8, 3, 0, 'MR-352-LZ', 2, '2020-12-08 13:30:00', '2020-12-08 16:00:00', 'finished', '0000-00-00 00:00:00', '0000-00-00 00:00:00'),
(41188, 3, 0, 0, 0, NULL, NULL, '2020-12-08 16:00:00', '2020-12-08 18:30:00', 'prepared', '0000-00-00 00:00:00', '0000-00-00 00:00:00'),
(41189, 3, 9, 4, 0, 'IX-779-BL', 2, '2020-12-08 18:30:00', '2020-12-08 21:00:00', 'requested', '0000-00-00 00:00:00', '0000-00-00 00:00:00'),
(41190, 3, 14, 4, 8, 'DT-166-VW', 2, '2020-12-09 05:00:00', '2020-12-09 07:30:00', 'booked', '0000-00-00 00:00:00', '0000-00-00 00:00:00'),
(41191, 3, 6, 10, 12, 'SW-219-AS', 1, '2020-12-09 07:30:00', '2020-12-09 10:00:00', 'requested', '0000-00-00 00:00:00', '0000-00-00 00:00:00'),
(41192, 3, 9, 10, 0, 'FJ-319-GJ', 1, '2020-12-09 10:00:00', '2020-12-09 12:30:00', 'requested', '0000-00-00 00:00:00', '0000-00-00 00:00:00'),
(41193, 3, 14, 15, 0, 'CU-121-BX', 2, '2020-12-09 12:30:00', '2020-12-09 15:00:00', 'finished', '0000-00-00 00:00:00', '0000-00-00 00:00:00'),
(41194, 3, 3, 5, 1, 'CW-701-PR', 1, '2020-12-09 15:00:00', '2020-12-09 17:30:00', 'requested', '0000-00-00 00:00:00', '0000-00-00 00:00:00'),
(41195, 3, 9, 16, 3, 'HX-330-SU', 2, '2020-12-09 17:30:00', '2020-12-09 20:00:00', 'finished', '0000-00-00 00:00:00', '0000-00-00 00:00:00'),
(41196, 3, 15, 15, 15, 'JY-111-GM', 1, '2020-12-10 05:00:00', '2020-12-10 07:30:00', 'booked', '0000-00-00 00:00:00', '0000-00-00 00:00:00'),
(41197, 3, 18, 11, 0, 'JR-549-BI', 1, '2020-12-10 07:30:00', '2020-12-10 10:00:00', 'requested', '0000-00-00 00:00:00', '0000-00-00 00:00:00'),
(41198, 3, 15, 10, 0, 'PW-356-NS', 2, '2020-12-10 10:00:00', '2020-12-10 12:30:00', 'booked', '0000-00-00 00:00:00', '0000-00-00 00:00:00'),
(41199, 3, 13, 16, 0, 'HN-790-PW', 2, '2020-12-10 12:30:00', '2020-12-10 15:00:00', 'booked', '0000-00-00 00:00:00', '0000-00-00 00:00:00'),
(41200, 3, 0, 0, 0, NULL, NULL, '2020-12-10 15:00:00', '2020-12-10 17:30:00', 'prepared', '0000-00-00 00:00:00', '0000-00-00 00:00:00'),
(41201, 3, 15, 16, 0, 'EY-872-JO', 2, '2020-12-10 17:30:00', '2020-12-10 20:00:00', 'booked', '0000-00-00 00:00:00', '0000-00-00 00:00:00'),
(41202, 3, 18, 7, 0, 'IL-674-AP', 1, '2020-12-11 06:00:00', '2020-12-11 08:30:00', 'requested', '0000-00-00 00:00:00', '0000-00-00 00:00:00'),
(41203, 3, 0, 0, 0, NULL, NULL, '2020-12-11 08:30:00', '2020-12-11 11:00:00', 'prepared', '0000-00-00 00:00:00', '0000-00-00 00:00:00'),
(41204, 3, 0, 0, 0, NULL, NULL, '2020-12-11 11:00:00', '2020-12-11 13:30:00', 'prepared', '0000-00-00 00:00:00', '0000-00-00 00:00:00'),
(41205, 3, 3, 6, 8, 'IS-522-IO', 2, '2020-12-11 13:30:00', '2020-12-11 16:00:00', 'requested', '0000-00-00 00:00:00', '0000-00-00 00:00:00'),
(41206, 3, 9, 11, 0, 'IP-532-NR', 2, '2020-12-11 16:00:00', '2020-12-11 18:30:00', 'finished', '0000-00-00 00:00:00', '0000-00-00 00:00:00'),
(41207, 3, 7, 6, 0, 'HJ-262-XZ', 2, '2020-12-11 18:30:00', '2020-12-11 21:00:00', 'finished', '0000-00-00 00:00:00', '0000-00-00 00:00:00'),
(41208, 3, 0, 0, 0, NULL, NULL, '2020-12-12 06:00:00', '2020-12-12 08:30:00', 'prepared', '0000-00-00 00:00:00', '0000-00-00 00:00:00'),
(41209, 3, 13, 12, 12, 'FJ-200-DF', 2, '2020-12-12 08:30:00', '2020-12-12 11:00:00', 'finished', '0000-00-00 00:00:00', '0000-00-00 00:00:00'),
(41210, 3, 0, 0, 0, NULL, NULL, '2020-12-12 11:00:00', '2020-12-12 13:30:00', 'prepared', '0000-00-00 00:00:00', '0000-00-00 00:00:00'),
(41211, 3, 6, 15, 0, 'LR-345-BG', 2, '2020-12-12 13:30:00', '2020-12-12 16:00:00', 'requested', '0000-00-00 00:00:00', '0000-00-00 00:00:00'),
(41212, 3, 10, 9, 13, 'XZ-804-TZ', 1, '2020-12-12 16:00:00', '2020-12-12 18:30:00', 'requested', '0000-00-00 00:00:00', '0000-00-00 00:00:00'),
(41213, 3, 18, 14, 0, 'AZ-490-HV', 1, '2020-12-12 18:30:00', '2020-12-12 21:00:00', 'finished', '0000-00-00 00:00:00', '0000-00-00 00:00:00'),
(41214, 3, 0, 0, 0, NULL, NULL, '2020-12-13 06:00:00', '2020-12-13 08:30:00', 'prepared', '0000-00-00 00:00:00', '0000-00-00 00:00:00'),
(41215, 3, 17, 10, 0, 'FH-292-BC', 1, '2020-12-13 08:30:00', '2020-12-13 11:00:00', 'finished', '0000-00-00 00:00:00', '0000-00-00 00:00:00'),
(41216, 3, 3, 14, 0, 'UX-167-FK', 2, '2020-12-13 11:00:00', '2020-12-13 13:30:00', 'finished', '0000-00-00 00:00:00', '0000-00-00 00:00:00'),
(41217, 3, 6, 2, 0, 'MS-388-GR', 2, '2020-12-13 13:30:00', '2020-12-13 16:00:00', 'finished', '0000-00-00 00:00:00', '0000-00-00 00:00:00'),
(41218, 3, 9, 4, 4, 'FU-700-DF', 2, '2020-12-13 16:00:00', '2020-12-13 18:30:00', 'finished', '0000-00-00 00:00:00', '0000-00-00 00:00:00'),
(41219, 3, 0, 0, 0, NULL, NULL, '2020-12-13 18:30:00', '2020-12-13 21:00:00', 'prepared', '0000-00-00 00:00:00', '0000-00-00 00:00:00'),
(41220, 3, 8, 5, 0, 'IQ-685-HQ', 2, '2020-12-14 06:00:00', '2020-12-14 08:30:00', 'booked', '0000-00-00 00:00:00', '0000-00-00 00:00:00'),
(41221, 3, 0, 0, 0, NULL, NULL, '2020-12-14 08:30:00', '2020-12-14 11:00:00', 'prepared', '0000-00-00 00:00:00', '0000-00-00 00:00:00'),
(41222, 3, 0, 0, 0, NULL, NULL, '2020-12-14 11:00:00', '2020-12-14 13:30:00', 'prepared', '0000-00-00 00:00:00', '0000-00-00 00:00:00'),
(41223, 3, 0, 0, 0, NULL, NULL, '2020-12-14 13:30:00', '2020-12-14 16:00:00', 'prepared', '0000-00-00 00:00:00', '0000-00-00 00:00:00'),
(41224, 3, 13, 9, 0, 'FX-696-HQ', 1, '2020-12-14 16:00:00', '2020-12-14 18:30:00', 'booked', '0000-00-00 00:00:00', '0000-00-00 00:00:00'),
(41225, 3, 6, 5, 5, 'LV-734-DG', 1, '2020-12-14 18:30:00', '2020-12-14 21:00:00', 'finished', '0000-00-00 00:00:00', '0000-00-00 00:00:00'),
(41226, 3, 10, 8, 0, 'FP-750-GW', 1, '2020-12-15 06:00:00', '2020-12-15 08:30:00', 'booked', '0000-00-00 00:00:00', '0000-00-00 00:00:00'),
(41227, 3, 15, 2, 4, 'RW-929-JX', 2, '2020-12-15 08:30:00', '2020-12-15 11:00:00', 'finished', '0000-00-00 00:00:00', '0000-00-00 00:00:00'),
(41228, 3, 10, 16, 16, 'AM-873-IR', 2, '2020-12-15 11:00:00', '2020-12-15 13:30:00', 'requested', '0000-00-00 00:00:00', '0000-00-00 00:00:00'),
(41229, 3, 7, 7, 6, 'HY-551-EH', 1, '2020-12-15 13:30:00', '2020-12-15 16:00:00', 'requested', '0000-00-00 00:00:00', '0000-00-00 00:00:00'),
(41230, 3, 0, 0, 0, NULL, NULL, '2020-12-15 16:00:00', '2020-12-15 18:30:00', 'prepared', '0000-00-00 00:00:00', '0000-00-00 00:00:00'),
(41231, 3, 9, 3, 0, 'AK-682-RW', 2, '2020-12-15 18:30:00', '2020-12-15 21:00:00', 'finished', '0000-00-00 00:00:00', '0000-00-00 00:00:00'),
(41232, 3, 8, 14, 12, 'IS-310-JX', 1, '2020-12-16 05:00:00', '2020-12-16 07:30:00', 'finished', '0000-00-00 00:00:00', '0000-00-00 00:00:00'),
(41233, 3, 0, 0, 0, NULL, NULL, '2020-12-16 07:30:00', '2020-12-16 10:00:00', 'prepared', '0000-00-00 00:00:00', '0000-00-00 00:00:00'),
(41234, 3, 0, 0, 0, NULL, NULL, '2020-12-16 10:00:00', '2020-12-16 12:30:00', 'prepared', '0000-00-00 00:00:00', '0000-00-00 00:00:00'),
(41235, 3, 0, 0, 0, NULL, NULL, '2020-12-16 12:30:00', '2020-12-16 15:00:00', 'prepared', '0000-00-00 00:00:00', '0000-00-00 00:00:00'),
(41236, 3, 6, 4, 0, 'FP-306-CY', 2, '2020-12-16 15:00:00', '2020-12-16 17:30:00', 'booked', '0000-00-00 00:00:00', '0000-00-00 00:00:00'),
(41237, 3, 7, 8, 8, 'EI-664-DV', 2, '2020-12-16 17:30:00', '2020-12-16 20:00:00', 'finished', '0000-00-00 00:00:00', '0000-00-00 00:00:00'),
(41238, 3, 3, 1, 9, 'HJ-374-LV', 1, '2020-12-17 05:00:00', '2020-12-17 07:30:00', 'booked', '0000-00-00 00:00:00', '0000-00-00 00:00:00'),
(41239, 3, 18, 4, 0, 'HV-991-LM', 2, '2020-12-17 07:30:00', '2020-12-17 10:00:00', 'booked', '0000-00-00 00:00:00', '0000-00-00 00:00:00'),
(41240, 3, 9, 11, 0, 'MX-880-OV', 1, '2020-12-17 10:00:00', '2020-12-17 12:30:00', 'finished', '0000-00-00 00:00:00', '0000-00-00 00:00:00'),
(41241, 3, 6, 11, 6, 'HY-737-NQ', 1, '2020-12-17 12:30:00', '2020-12-17 15:00:00', 'booked', '0000-00-00 00:00:00', '0000-00-00 00:00:00'),
(41242, 3, 0, 0, 0, NULL, NULL, '2020-12-17 15:00:00', '2020-12-17 17:30:00', 'prepared', '0000-00-00 00:00:00', '0000-00-00 00:00:00'),
(41243, 3, 13, 3, 14, 'SY-658-AK', 2, '2020-12-17 17:30:00', '2020-12-17 20:00:00', 'requested', '0000-00-00 00:00:00', '0000-00-00 00:00:00'),
(41244, 3, 10, 4, 11, 'CE-955-CN', 1, '2020-12-18 06:00:00', '2020-12-18 08:30:00', 'booked', '0000-00-00 00:00:00', '0000-00-00 00:00:00'),
(41245, 3, 18, 8, 9, 'BK-262-TX', 2, '2020-12-18 08:30:00', '2020-12-18 11:00:00', 'requested', '0000-00-00 00:00:00', '0000-00-00 00:00:00'),
(41246, 3, 17, 9, 0, 'BD-514-IN', 2, '2020-12-18 11:00:00', '2020-12-18 13:30:00', 'requested', '0000-00-00 00:00:00', '0000-00-00 00:00:00'),
(41247, 3, 3, 5, 0, 'AI-854-CP', 2, '2020-12-18 13:30:00', '2020-12-18 16:00:00', 'finished', '0000-00-00 00:00:00', '0000-00-00 00:00:00'),
(41248, 3, 7, 8, 4, 'KR-370-GU', 1, '2020-12-18 16:00:00', '2020-12-18 18:30:00', 'requested', '0000-00-00 00:00:00', '0000-00-00 00:00:00'),
(41249, 3, 6, 12, 9, 'IP-590-EK', 1, '2020-12-18 18:30:00', '2020-12-18 21:00:00', 'finished', '0000-00-00 00:00:00', '0000-00-00 00:00:00'),
(41250, 3, 0, 0, 0, NULL, NULL, '2020-12-19 06:00:00', '2020-12-19 08:30:00', 'prepared', '0000-00-00 00:00:00', '0000-00-00 00:00:00'),
(41251, 3, 0, 0, 0, NULL, NULL, '2020-12-19 08:30:00', '2020-12-19 11:00:00', 'prepared', '0000-00-00 00:00:00', '0000-00-00 00:00:00'),
(41252, 3, 0, 0, 0, NULL, NULL, '2020-12-19 11:00:00', '2020-12-19 13:30:00', 'prepared', '0000-00-00 00:00:00', '0000-00-00 00:00:00'),
(41253, 3, 0, 0, 0, NULL, NULL, '2020-12-19 13:30:00', '2020-12-19 16:00:00', 'prepared', '0000-00-00 00:00:00', '0000-00-00 00:00:00'),
(41254, 3, 0, 0, 0, NULL, NULL, '2020-12-19 16:00:00', '2020-12-19 18:30:00', 'prepared', '0000-00-00 00:00:00', '0000-00-00 00:00:00'),
(41255, 3, 0, 0, 0, NULL, NULL, '2020-12-19 18:30:00', '2020-12-19 21:00:00', 'prepared', '0000-00-00 00:00:00', '0000-00-00 00:00:00'),
(41256, 3, 0, 0, 0, NULL, NULL, '2020-12-20 06:00:00', '2020-12-20 08:30:00', 'prepared', '0000-00-00 00:00:00', '0000-00-00 00:00:00'),
(41257, 3, 0, 0, 0, NULL, NULL, '2020-12-20 08:30:00', '2020-12-20 11:00:00', 'prepared', '0000-00-00 00:00:00', '0000-00-00 00:00:00'),
(41258, 3, 0, 0, 0, NULL, NULL, '2020-12-20 11:00:00', '2020-12-20 13:30:00', 'prepared', '0000-00-00 00:00:00', '0000-00-00 00:00:00'),
(41259, 3, 0, 0, 0, NULL, NULL, '2020-12-20 13:30:00', '2020-12-20 16:00:00', 'prepared', '0000-00-00 00:00:00', '0000-00-00 00:00:00'),
(41260, 3, 0, 0, 0, NULL, NULL, '2020-12-20 16:00:00', '2020-12-20 18:30:00', 'prepared', '0000-00-00 00:00:00', '0000-00-00 00:00:00'),
(41261, 3, 0, 0, 0, NULL, NULL, '2020-12-20 18:30:00', '2020-12-20 21:00:00', 'prepared', '0000-00-00 00:00:00', '0000-00-00 00:00:00'),
(41262, 3, 0, 0, 0, NULL, NULL, '2020-12-21 06:00:00', '2020-12-21 08:30:00', 'prepared', '0000-00-00 00:00:00', '0000-00-00 00:00:00'),
(41263, 3, 0, 0, 0, NULL, NULL, '2020-12-21 08:30:00', '2020-12-21 11:00:00', 'prepared', '0000-00-00 00:00:00', '0000-00-00 00:00:00'),
(41264, 3, 0, 0, 0, NULL, NULL, '2020-12-21 11:00:00', '2020-12-21 13:30:00', 'prepared', '0000-00-00 00:00:00', '0000-00-00 00:00:00'),
(41265, 3, 0, 0, 0, NULL, NULL, '2020-12-21 13:30:00', '2020-12-21 16:00:00', 'prepared', '0000-00-00 00:00:00', '0000-00-00 00:00:00'),
(41266, 3, 0, 0, 0, NULL, NULL, '2020-12-21 16:00:00', '2020-12-21 18:30:00', 'prepared', '0000-00-00 00:00:00', '0000-00-00 00:00:00'),
(41267, 3, 0, 0, 0, NULL, NULL, '2020-12-21 18:30:00', '2020-12-21 21:00:00', 'prepared', '0000-00-00 00:00:00', '0000-00-00 00:00:00'),
(41268, 4, 14, 15, 9, 'FW-519-JS', 2, '2020-12-08 06:00:00', '2020-12-08 08:30:00', 'requested', '0000-00-00 00:00:00', '0000-00-00 00:00:00'),
(41269, 4, 3, 3, 0, 'GY-110-GU', 1, '2020-12-08 08:30:00', '2020-12-08 11:00:00', 'finished', '0000-00-00 00:00:00', '0000-00-00 00:00:00'),
(41270, 4, 15, 2, 13, 'JR-598-CE', 2, '2020-12-08 11:00:00', '2020-12-08 13:30:00', 'requested', '0000-00-00 00:00:00', '0000-00-00 00:00:00'),
(41271, 4, 9, 14, 0, 'SY-543-PQ', 2, '2020-12-08 13:30:00', '2020-12-08 16:00:00', 'finished', '0000-00-00 00:00:00', '0000-00-00 00:00:00'),
(41272, 4, 14, 5, 0, 'QV-337-GQ', 2, '2020-12-08 16:00:00', '2020-12-08 18:30:00', 'requested', '0000-00-00 00:00:00', '0000-00-00 00:00:00'),
(41273, 4, 18, 15, 0, 'AV-207-AP', 1, '2020-12-08 18:30:00', '2020-12-08 21:00:00', 'booked', '0000-00-00 00:00:00', '0000-00-00 00:00:00'),
(41274, 4, 3, 8, 5, 'LN-118-IY', 1, '2020-12-09 05:00:00', '2020-12-09 07:30:00', 'finished', '0000-00-00 00:00:00', '0000-00-00 00:00:00'),
(41275, 4, 9, 7, 0, 'DG-416-AI', 2, '2020-12-09 07:30:00', '2020-12-09 10:00:00', 'requested', '0000-00-00 00:00:00', '0000-00-00 00:00:00'),
(41276, 4, 0, 0, 0, NULL, NULL, '2020-12-09 10:00:00', '2020-12-09 12:30:00', 'prepared', '0000-00-00 00:00:00', '0000-00-00 00:00:00'),
(41277, 4, 8, 12, 0, 'AL-483-CH', 2, '2020-12-09 12:30:00', '2020-12-09 15:00:00', 'requested', '0000-00-00 00:00:00', '0000-00-00 00:00:00'),
(41278, 4, 0, 0, 0, NULL, NULL, '2020-12-09 15:00:00', '2020-12-09 17:30:00', 'prepared', '0000-00-00 00:00:00', '0000-00-00 00:00:00'),
(41279, 4, 0, 0, 0, NULL, NULL, '2020-12-09 17:30:00', '2020-12-09 20:00:00', 'prepared', '0000-00-00 00:00:00', '0000-00-00 00:00:00'),
(41280, 4, 15, 4, 12, 'TV-939-EU', 2, '2020-12-10 05:00:00', '2020-12-10 07:30:00', 'finished', '0000-00-00 00:00:00', '0000-00-00 00:00:00'),
(41281, 4, 14, 3, 5, 'BC-776-FO', 1, '2020-12-10 07:30:00', '2020-12-10 10:00:00', 'booked', '0000-00-00 00:00:00', '0000-00-00 00:00:00'),
(41282, 4, 15, 11, 15, 'HY-656-BQ', 1, '2020-12-10 10:00:00', '2020-12-10 12:30:00', 'booked', '0000-00-00 00:00:00', '0000-00-00 00:00:00'),
(41283, 4, 18, 2, 1, 'DP-448-CH', 1, '2020-12-10 12:30:00', '2020-12-10 15:00:00', 'booked', '0000-00-00 00:00:00', '0000-00-00 00:00:00'),
(41284, 4, 17, 3, 7, 'FI-397-FT', 2, '2020-12-10 15:00:00', '2020-12-10 17:30:00', 'requested', '0000-00-00 00:00:00', '0000-00-00 00:00:00'),
(41285, 4, 7, 13, 0, 'CR-343-KU', 1, '2020-12-10 17:30:00', '2020-12-10 20:00:00', 'finished', '0000-00-00 00:00:00', '0000-00-00 00:00:00'),
(41286, 4, 13, 13, 10, 'GX-277-JZ', 1, '2020-12-11 06:00:00', '2020-12-11 08:30:00', 'finished', '0000-00-00 00:00:00', '0000-00-00 00:00:00'),
(41287, 4, 13, 16, 0, 'HS-827-OR', 1, '2020-12-11 08:30:00', '2020-12-11 11:00:00', 'finished', '0000-00-00 00:00:00', '0000-00-00 00:00:00'),
(41288, 4, 14, 16, 0, 'LQ-722-RS', 1, '2020-12-11 11:00:00', '2020-12-11 13:30:00', 'booked', '0000-00-00 00:00:00', '0000-00-00 00:00:00'),
(41289, 4, 15, 10, 13, 'BU-610-IO', 2, '2020-12-11 13:30:00', '2020-12-11 16:00:00', 'requested', '0000-00-00 00:00:00', '0000-00-00 00:00:00'),
(41290, 4, 9, 10, 8, 'HU-822-DY', 2, '2020-12-11 16:00:00', '2020-12-11 18:30:00', 'requested', '0000-00-00 00:00:00', '0000-00-00 00:00:00'),
(41291, 4, 0, 0, 0, NULL, NULL, '2020-12-11 18:30:00', '2020-12-11 21:00:00', 'prepared', '0000-00-00 00:00:00', '0000-00-00 00:00:00'),
(41292, 4, 10, 6, 0, 'AG-702-MN', 1, '2020-12-12 06:00:00', '2020-12-12 08:30:00', 'booked', '0000-00-00 00:00:00', '0000-00-00 00:00:00'),
(41293, 4, 0, 0, 0, NULL, NULL, '2020-12-12 08:30:00', '2020-12-12 11:00:00', 'prepared', '0000-00-00 00:00:00', '0000-00-00 00:00:00'),
(41294, 4, 0, 0, 0, NULL, NULL, '2020-12-12 11:00:00', '2020-12-12 13:30:00', 'prepared', '0000-00-00 00:00:00', '0000-00-00 00:00:00'),
(41295, 4, 18, 6, 1, 'IL-853-IM', 1, '2020-12-12 13:30:00', '2020-12-12 16:00:00', 'finished', '0000-00-00 00:00:00', '0000-00-00 00:00:00'),
(41296, 4, 15, 7, 14, 'RW-771-FX', 1, '2020-12-12 16:00:00', '2020-12-12 18:30:00', 'requested', '0000-00-00 00:00:00', '0000-00-00 00:00:00'),
(41297, 4, 0, 0, 0, NULL, NULL, '2020-12-12 18:30:00', '2020-12-12 21:00:00', 'prepared', '0000-00-00 00:00:00', '0000-00-00 00:00:00'),
(41298, 4, 8, 3, 0, 'AS-184-JR', 1, '2020-12-13 06:00:00', '2020-12-13 08:30:00', 'finished', '0000-00-00 00:00:00', '0000-00-00 00:00:00'),
(41299, 4, 14, 6, 0, 'HP-153-GS', 2, '2020-12-13 08:30:00', '2020-12-13 11:00:00', 'booked', '0000-00-00 00:00:00', '0000-00-00 00:00:00'),
(41300, 4, 13, 13, 9, 'EI-165-XY', 2, '2020-12-13 11:00:00', '2020-12-13 13:30:00', 'booked', '0000-00-00 00:00:00', '0000-00-00 00:00:00'),
(41301, 4, 0, 0, 0, NULL, NULL, '2020-12-13 13:30:00', '2020-12-13 16:00:00', 'prepared', '0000-00-00 00:00:00', '0000-00-00 00:00:00'),
(41302, 4, 13, 4, 0, 'OZ-993-NZ', 1, '2020-12-13 16:00:00', '2020-12-13 18:30:00', 'finished', '0000-00-00 00:00:00', '0000-00-00 00:00:00'),
(41303, 4, 0, 0, 0, NULL, NULL, '2020-12-13 18:30:00', '2020-12-13 21:00:00', 'prepared', '0000-00-00 00:00:00', '0000-00-00 00:00:00'),
(41304, 4, 9, 7, 15, 'IO-296-NY', 1, '2020-12-14 06:00:00', '2020-12-14 08:30:00', 'booked', '0000-00-00 00:00:00', '0000-00-00 00:00:00'),
(41305, 4, 3, 16, 12, 'BT-786-BO', 1, '2020-12-14 08:30:00', '2020-12-14 11:00:00', 'requested', '0000-00-00 00:00:00', '0000-00-00 00:00:00'),
(41306, 4, 10, 5, 11, 'AO-536-GM', 1, '2020-12-14 11:00:00', '2020-12-14 13:30:00', 'finished', '0000-00-00 00:00:00', '0000-00-00 00:00:00'),
(41307, 4, 14, 9, 1, 'FJ-887-TY', 1, '2020-12-14 13:30:00', '2020-12-14 16:00:00', 'requested', '0000-00-00 00:00:00', '0000-00-00 00:00:00'),
(41308, 4, 17, 16, 2, 'BU-312-ER', 1, '2020-12-14 16:00:00', '2020-12-14 18:30:00', 'booked', '0000-00-00 00:00:00', '0000-00-00 00:00:00'),
(41309, 4, 6, 8, 0, 'MX-705-KR', 1, '2020-12-14 18:30:00', '2020-12-14 21:00:00', 'requested', '0000-00-00 00:00:00', '0000-00-00 00:00:00'),
(41310, 4, 3, 2, 0, 'CL-733-CH', 2, '2020-12-15 06:00:00', '2020-12-15 08:30:00', 'finished', '0000-00-00 00:00:00', '0000-00-00 00:00:00'),
(41311, 4, 7, 2, 3, 'LO-974-SY', 1, '2020-12-15 08:30:00', '2020-12-15 11:00:00', 'requested', '0000-00-00 00:00:00', '0000-00-00 00:00:00'),
(41312, 4, 10, 16, 7, 'IU-182-EV', 2, '2020-12-15 11:00:00', '2020-12-15 13:30:00', 'finished', '0000-00-00 00:00:00', '0000-00-00 00:00:00'),
(41313, 4, 3, 14, 4, 'TW-992-DH', 2, '2020-12-15 13:30:00', '2020-12-15 16:00:00', 'requested', '0000-00-00 00:00:00', '0000-00-00 00:00:00'),
(41314, 4, 17, 8, 0, 'TX-547-CW', 2, '2020-12-15 16:00:00', '2020-12-15 18:30:00', 'booked', '0000-00-00 00:00:00', '0000-00-00 00:00:00'),
(41315, 4, 0, 0, 0, NULL, NULL, '2020-12-15 18:30:00', '2020-12-15 21:00:00', 'prepared', '0000-00-00 00:00:00', '0000-00-00 00:00:00'),
(41316, 4, 0, 0, 0, NULL, NULL, '2020-12-16 05:00:00', '2020-12-16 07:30:00', 'prepared', '0000-00-00 00:00:00', '0000-00-00 00:00:00'),
(41317, 4, 8, 16, 10, 'JL-213-FS', 2, '2020-12-16 07:30:00', '2020-12-16 10:00:00', 'requested', '0000-00-00 00:00:00', '0000-00-00 00:00:00'),
(41318, 4, 0, 0, 0, NULL, NULL, '2020-12-16 10:00:00', '2020-12-16 12:30:00', 'prepared', '0000-00-00 00:00:00', '0000-00-00 00:00:00'),
(41319, 4, 0, 0, 0, NULL, NULL, '2020-12-16 12:30:00', '2020-12-16 15:00:00', 'prepared', '0000-00-00 00:00:00', '0000-00-00 00:00:00'),
(41320, 4, 10, 14, 7, 'KR-513-RY', 1, '2020-12-16 15:00:00', '2020-12-16 17:30:00', 'requested', '0000-00-00 00:00:00', '0000-00-00 00:00:00'),
(41321, 4, 13, 16, 15, 'DP-358-DI', 1, '2020-12-16 17:30:00', '2020-12-16 20:00:00', 'finished', '0000-00-00 00:00:00', '0000-00-00 00:00:00'),
(41322, 4, 0, 0, 0, NULL, NULL, '2020-12-17 05:00:00', '2020-12-17 07:30:00', 'prepared', '0000-00-00 00:00:00', '0000-00-00 00:00:00'),
(41323, 4, 3, 3, 0, 'EF-982-BM', 2, '2020-12-17 07:30:00', '2020-12-17 10:00:00', 'requested', '0000-00-00 00:00:00', '0000-00-00 00:00:00'),
(41324, 4, 6, 16, 13, 'IY-768-FH', 1, '2020-12-17 10:00:00', '2020-12-17 12:30:00', 'finished', '0000-00-00 00:00:00', '0000-00-00 00:00:00'),
(41325, 4, 18, 12, 10, 'RW-641-KV', 1, '2020-12-17 12:30:00', '2020-12-17 15:00:00', 'finished', '0000-00-00 00:00:00', '0000-00-00 00:00:00'),
(41326, 4, 0, 0, 0, NULL, NULL, '2020-12-17 15:00:00', '2020-12-17 17:30:00', 'prepared', '0000-00-00 00:00:00', '0000-00-00 00:00:00'),
(41327, 4, 0, 0, 0, NULL, NULL, '2020-12-17 17:30:00', '2020-12-17 20:00:00', 'prepared', '0000-00-00 00:00:00', '0000-00-00 00:00:00'),
(41328, 4, 6, 16, 0, 'DL-180-DF', 1, '2020-12-18 06:00:00', '2020-12-18 08:30:00', 'finished', '0000-00-00 00:00:00', '0000-00-00 00:00:00'),
(41329, 4, 3, 2, 5, 'FI-907-BS', 1, '2020-12-18 08:30:00', '2020-12-18 11:00:00', 'requested', '0000-00-00 00:00:00', '0000-00-00 00:00:00'),
(41330, 4, 3, 14, 0, 'CK-133-SW', 1, '2020-12-18 11:00:00', '2020-12-18 13:30:00', 'requested', '0000-00-00 00:00:00', '0000-00-00 00:00:00'),
(41331, 4, 8, 14, 1, 'HO-667-KP', 2, '2020-12-18 13:30:00', '2020-12-18 16:00:00', 'requested', '0000-00-00 00:00:00', '0000-00-00 00:00:00'),
(41332, 4, 17, 5, 2, 'MZ-816-DZ', 2, '2020-12-18 16:00:00', '2020-12-18 18:30:00', 'requested', '0000-00-00 00:00:00', '0000-00-00 00:00:00'),
(41333, 4, 6, 14, 15, 'LR-783-EF', 2, '2020-12-18 18:30:00', '2020-12-18 21:00:00', 'requested', '0000-00-00 00:00:00', '0000-00-00 00:00:00'),
(41334, 4, 0, 0, 0, NULL, NULL, '2020-12-19 06:00:00', '2020-12-19 08:30:00', 'prepared', '0000-00-00 00:00:00', '0000-00-00 00:00:00'),
(41335, 4, 0, 0, 0, NULL, NULL, '2020-12-19 08:30:00', '2020-12-19 11:00:00', 'prepared', '0000-00-00 00:00:00', '0000-00-00 00:00:00'),
(41336, 4, 0, 0, 0, NULL, NULL, '2020-12-19 11:00:00', '2020-12-19 13:30:00', 'prepared', '0000-00-00 00:00:00', '0000-00-00 00:00:00'),
(41337, 4, 0, 0, 0, NULL, NULL, '2020-12-19 13:30:00', '2020-12-19 16:00:00', 'prepared', '0000-00-00 00:00:00', '0000-00-00 00:00:00'),
(41338, 4, 0, 0, 0, NULL, NULL, '2020-12-19 16:00:00', '2020-12-19 18:30:00', 'prepared', '0000-00-00 00:00:00', '0000-00-00 00:00:00'),
(41339, 4, 0, 0, 0, NULL, NULL, '2020-12-19 18:30:00', '2020-12-19 21:00:00', 'prepared', '0000-00-00 00:00:00', '0000-00-00 00:00:00'),
(41340, 4, 0, 0, 0, NULL, NULL, '2020-12-20 06:00:00', '2020-12-20 08:30:00', 'prepared', '0000-00-00 00:00:00', '0000-00-00 00:00:00'),
(41341, 4, 0, 0, 0, NULL, NULL, '2020-12-20 08:30:00', '2020-12-20 11:00:00', 'prepared', '0000-00-00 00:00:00', '0000-00-00 00:00:00'),
(41342, 4, 0, 0, 0, NULL, NULL, '2020-12-20 11:00:00', '2020-12-20 13:30:00', 'prepared', '0000-00-00 00:00:00', '0000-00-00 00:00:00'),
(41343, 4, 0, 0, 0, NULL, NULL, '2020-12-20 13:30:00', '2020-12-20 16:00:00', 'prepared', '0000-00-00 00:00:00', '0000-00-00 00:00:00'),
(41344, 4, 0, 0, 0, NULL, NULL, '2020-12-20 16:00:00', '2020-12-20 18:30:00', 'prepared', '0000-00-00 00:00:00', '0000-00-00 00:00:00'),
(41345, 4, 0, 0, 0, NULL, NULL, '2020-12-20 18:30:00', '2020-12-20 21:00:00', 'prepared', '0000-00-00 00:00:00', '0000-00-00 00:00:00'),
(41346, 4, 0, 0, 0, NULL, NULL, '2020-12-21 06:00:00', '2020-12-21 08:30:00', 'prepared', '0000-00-00 00:00:00', '0000-00-00 00:00:00'),
(41347, 4, 0, 0, 0, NULL, NULL, '2020-12-21 08:30:00', '2020-12-21 11:00:00', 'prepared', '0000-00-00 00:00:00', '0000-00-00 00:00:00'),
(41348, 4, 0, 0, 0, NULL, NULL, '2020-12-21 11:00:00', '2020-12-21 13:30:00', 'prepared', '0000-00-00 00:00:00', '0000-00-00 00:00:00'),
(41349, 4, 0, 0, 0, NULL, NULL, '2020-12-21 13:30:00', '2020-12-21 16:00:00', 'prepared', '0000-00-00 00:00:00', '0000-00-00 00:00:00'),
(41350, 4, 0, 0, 0, NULL, NULL, '2020-12-21 16:00:00', '2020-12-21 18:30:00', 'prepared', '0000-00-00 00:00:00', '0000-00-00 00:00:00'),
(41351, 4, 0, 0, 0, NULL, NULL, '2020-12-21 18:30:00', '2020-12-21 21:00:00', 'prepared', '0000-00-00 00:00:00', '0000-00-00 00:00:00'),
(41352, 5, 0, 0, 0, NULL, NULL, '2020-12-08 06:00:00', '2020-12-08 08:30:00', 'prepared', '0000-00-00 00:00:00', '0000-00-00 00:00:00'),
(41353, 5, 3, 15, 7, 'FH-769-PY', 2, '2020-12-08 08:30:00', '2020-12-08 11:00:00', 'finished', '0000-00-00 00:00:00', '0000-00-00 00:00:00'),
(41354, 5, 15, 6, 0, 'MN-241-KO', 1, '2020-12-08 11:00:00', '2020-12-08 13:30:00', 'requested', '0000-00-00 00:00:00', '0000-00-00 00:00:00'),
(41355, 5, 7, 6, 16, 'GW-921-NP', 2, '2020-12-08 13:30:00', '2020-12-08 16:00:00', 'requested', '0000-00-00 00:00:00', '0000-00-00 00:00:00'),
(41356, 5, 18, 4, 2, 'BJ-468-KP', 1, '2020-12-08 16:00:00', '2020-12-08 18:30:00', 'requested', '0000-00-00 00:00:00', '0000-00-00 00:00:00'),
(41357, 5, 0, 0, 0, NULL, NULL, '2020-12-08 18:30:00', '2020-12-08 21:00:00', 'prepared', '0000-00-00 00:00:00', '0000-00-00 00:00:00'),
(41358, 5, 9, 11, 0, 'PX-320-AM', 1, '2020-12-09 05:00:00', '2020-12-09 07:30:00', 'finished', '0000-00-00 00:00:00', '0000-00-00 00:00:00'),
(41359, 5, 9, 6, 2, 'PU-784-QZ', 1, '2020-12-09 07:30:00', '2020-12-09 10:00:00', 'finished', '0000-00-00 00:00:00', '0000-00-00 00:00:00'),
(41360, 5, 7, 16, 0, 'FT-515-MN', 1, '2020-12-09 10:00:00', '2020-12-09 12:30:00', 'booked', '0000-00-00 00:00:00', '0000-00-00 00:00:00'),
(41361, 5, 13, 10, 7, 'PT-757-IT', 2, '2020-12-09 12:30:00', '2020-12-09 15:00:00', 'booked', '0000-00-00 00:00:00', '0000-00-00 00:00:00'),
(41362, 5, 18, 3, 4, 'AC-725-RW', 1, '2020-12-09 15:00:00', '2020-12-09 17:30:00', 'requested', '0000-00-00 00:00:00', '0000-00-00 00:00:00'),
(41363, 5, 7, 2, 16, 'EO-709-CU', 1, '2020-12-09 17:30:00', '2020-12-09 20:00:00', 'finished', '0000-00-00 00:00:00', '0000-00-00 00:00:00'),
(41364, 5, 0, 0, 0, NULL, NULL, '2020-12-10 05:00:00', '2020-12-10 07:30:00', 'prepared', '0000-00-00 00:00:00', '0000-00-00 00:00:00'),
(41365, 5, 17, 9, 12, 'JZ-925-GZ', 1, '2020-12-10 07:30:00', '2020-12-10 10:00:00', 'booked', '0000-00-00 00:00:00', '0000-00-00 00:00:00'),
(41366, 5, 14, 10, 3, 'IU-941-RS', 1, '2020-12-10 10:00:00', '2020-12-10 12:30:00', 'booked', '0000-00-00 00:00:00', '0000-00-00 00:00:00'),
(41367, 5, 14, 10, 13, 'AX-953-HW', 2, '2020-12-10 12:30:00', '2020-12-10 15:00:00', 'booked', '0000-00-00 00:00:00', '0000-00-00 00:00:00'),
(41368, 5, 0, 0, 0, NULL, NULL, '2020-12-10 15:00:00', '2020-12-10 17:30:00', 'prepared', '0000-00-00 00:00:00', '0000-00-00 00:00:00'),
(41369, 5, 3, 16, 0, 'CP-334-IP', 1, '2020-12-10 17:30:00', '2020-12-10 20:00:00', 'booked', '0000-00-00 00:00:00', '0000-00-00 00:00:00'),
(41370, 5, 10, 1, 0, 'EY-648-CR', 1, '2020-12-11 06:00:00', '2020-12-11 08:30:00', 'booked', '0000-00-00 00:00:00', '0000-00-00 00:00:00'),
(41371, 5, 13, 1, 13, 'ER-367-QW', 2, '2020-12-11 08:30:00', '2020-12-11 11:00:00', 'booked', '0000-00-00 00:00:00', '0000-00-00 00:00:00'),
(41372, 5, 9, 12, 0, 'KW-537-BZ', 1, '2020-12-11 11:00:00', '2020-12-11 13:30:00', 'requested', '0000-00-00 00:00:00', '0000-00-00 00:00:00'),
(41373, 5, 17, 15, 10, 'GL-977-NS', 2, '2020-12-11 13:30:00', '2020-12-11 16:00:00', 'booked', '0000-00-00 00:00:00', '0000-00-00 00:00:00'),
(41374, 5, 3, 3, 6, 'ET-774-DZ', 2, '2020-12-11 16:00:00', '2020-12-11 18:30:00', 'requested', '0000-00-00 00:00:00', '0000-00-00 00:00:00'),
(41375, 5, 7, 7, 0, 'RU-438-CJ', 1, '2020-12-11 18:30:00', '2020-12-11 21:00:00', 'requested', '0000-00-00 00:00:00', '0000-00-00 00:00:00');
INSERT INTO `time_slot` (`id`, `id_gate`, `id_external_dispatcher`, `id_truck_driver_1`, `id_truck_driver_2`, `evc_truck`, `id_destination_order`, `start_date_time`, `end_date_time`, `state`, `ocupide_start_time`, `ocupide_end_time`) VALUES
(41376, 5, 18, 15, 0, 'VZ-728-WY', 1, '2020-12-12 06:00:00', '2020-12-12 08:30:00', 'requested', '0000-00-00 00:00:00', '0000-00-00 00:00:00'),
(41377, 5, 6, 7, 0, 'FK-840-DQ', 1, '2020-12-12 08:30:00', '2020-12-12 11:00:00', 'requested', '0000-00-00 00:00:00', '0000-00-00 00:00:00'),
(41378, 5, 17, 1, 2, 'CY-929-JN', 2, '2020-12-12 11:00:00', '2020-12-12 13:30:00', 'finished', '0000-00-00 00:00:00', '0000-00-00 00:00:00'),
(41379, 5, 0, 0, 0, NULL, NULL, '2020-12-12 13:30:00', '2020-12-12 16:00:00', 'prepared', '0000-00-00 00:00:00', '0000-00-00 00:00:00'),
(41380, 5, 0, 0, 0, NULL, NULL, '2020-12-12 16:00:00', '2020-12-12 18:30:00', 'prepared', '0000-00-00 00:00:00', '0000-00-00 00:00:00'),
(41381, 5, 0, 0, 0, NULL, NULL, '2020-12-12 18:30:00', '2020-12-12 21:00:00', 'prepared', '0000-00-00 00:00:00', '0000-00-00 00:00:00'),
(41382, 5, 18, 13, 0, 'HM-435-LP', 2, '2020-12-13 06:00:00', '2020-12-13 08:30:00', 'booked', '0000-00-00 00:00:00', '0000-00-00 00:00:00'),
(41383, 5, 8, 9, 15, 'GU-635-PR', 1, '2020-12-13 08:30:00', '2020-12-13 11:00:00', 'booked', '0000-00-00 00:00:00', '0000-00-00 00:00:00'),
(41384, 5, 7, 1, 0, 'RY-916-AB', 2, '2020-12-13 11:00:00', '2020-12-13 13:30:00', 'booked', '0000-00-00 00:00:00', '0000-00-00 00:00:00'),
(41385, 5, 9, 14, 0, 'FW-943-QU', 1, '2020-12-13 13:30:00', '2020-12-13 16:00:00', 'finished', '0000-00-00 00:00:00', '0000-00-00 00:00:00'),
(41386, 5, 15, 2, 0, 'AT-772-BV', 1, '2020-12-13 16:00:00', '2020-12-13 18:30:00', 'requested', '0000-00-00 00:00:00', '0000-00-00 00:00:00'),
(41387, 5, 0, 0, 0, NULL, NULL, '2020-12-13 18:30:00', '2020-12-13 21:00:00', 'prepared', '0000-00-00 00:00:00', '0000-00-00 00:00:00'),
(41388, 5, 6, 4, 0, 'BP-998-DN', 2, '2020-12-14 06:00:00', '2020-12-14 08:30:00', 'requested', '0000-00-00 00:00:00', '0000-00-00 00:00:00'),
(41389, 5, 18, 10, 0, 'KO-150-AU', 1, '2020-12-14 08:30:00', '2020-12-14 11:00:00', 'finished', '0000-00-00 00:00:00', '0000-00-00 00:00:00'),
(41390, 5, 0, 0, 0, NULL, NULL, '2020-12-14 11:00:00', '2020-12-14 13:30:00', 'prepared', '0000-00-00 00:00:00', '0000-00-00 00:00:00'),
(41391, 5, 15, 3, 3, 'IN-509-MR', 2, '2020-12-14 13:30:00', '2020-12-14 16:00:00', 'finished', '0000-00-00 00:00:00', '0000-00-00 00:00:00'),
(41392, 5, 13, 6, 11, 'KM-684-BV', 2, '2020-12-14 16:00:00', '2020-12-14 18:30:00', 'finished', '0000-00-00 00:00:00', '0000-00-00 00:00:00'),
(41393, 5, 0, 0, 0, NULL, NULL, '2020-12-14 18:30:00', '2020-12-14 21:00:00', 'prepared', '0000-00-00 00:00:00', '0000-00-00 00:00:00'),
(41394, 5, 13, 3, 15, 'BL-782-AG', 1, '2020-12-15 06:00:00', '2020-12-15 08:30:00', 'requested', '0000-00-00 00:00:00', '0000-00-00 00:00:00'),
(41395, 5, 6, 14, 5, 'AJ-185-QS', 1, '2020-12-15 08:30:00', '2020-12-15 11:00:00', 'finished', '0000-00-00 00:00:00', '0000-00-00 00:00:00'),
(41396, 5, 3, 11, 9, 'FO-128-GP', 1, '2020-12-15 11:00:00', '2020-12-15 13:30:00', 'finished', '0000-00-00 00:00:00', '0000-00-00 00:00:00'),
(41397, 5, 3, 12, 0, 'FQ-533-OW', 2, '2020-12-15 13:30:00', '2020-12-15 16:00:00', 'requested', '0000-00-00 00:00:00', '0000-00-00 00:00:00'),
(41398, 5, 0, 0, 0, NULL, NULL, '2020-12-15 16:00:00', '2020-12-15 18:30:00', 'prepared', '0000-00-00 00:00:00', '0000-00-00 00:00:00'),
(41399, 5, 18, 4, 6, 'DE-403-IU', 1, '2020-12-15 18:30:00', '2020-12-15 21:00:00', 'booked', '0000-00-00 00:00:00', '0000-00-00 00:00:00'),
(41400, 5, 13, 13, 5, 'AS-763-BW', 1, '2020-12-16 05:00:00', '2020-12-16 07:30:00', 'booked', '0000-00-00 00:00:00', '0000-00-00 00:00:00'),
(41401, 5, 0, 0, 0, NULL, NULL, '2020-12-16 07:30:00', '2020-12-16 10:00:00', 'prepared', '0000-00-00 00:00:00', '0000-00-00 00:00:00'),
(41402, 5, 17, 1, 3, 'FV-940-BO', 1, '2020-12-16 10:00:00', '2020-12-16 12:30:00', 'requested', '0000-00-00 00:00:00', '0000-00-00 00:00:00'),
(41403, 5, 18, 11, 0, 'EW-718-IO', 2, '2020-12-16 12:30:00', '2020-12-16 15:00:00', 'finished', '0000-00-00 00:00:00', '0000-00-00 00:00:00'),
(41404, 5, 13, 7, 0, 'HZ-736-BU', 2, '2020-12-16 15:00:00', '2020-12-16 17:30:00', 'requested', '0000-00-00 00:00:00', '0000-00-00 00:00:00'),
(41405, 5, 18, 3, 13, 'CH-927-UX', 2, '2020-12-16 17:30:00', '2020-12-16 20:00:00', 'requested', '0000-00-00 00:00:00', '0000-00-00 00:00:00'),
(41406, 5, 0, 0, 0, NULL, NULL, '2020-12-17 05:00:00', '2020-12-17 07:30:00', 'prepared', '0000-00-00 00:00:00', '0000-00-00 00:00:00'),
(41407, 5, 0, 0, 0, NULL, NULL, '2020-12-17 07:30:00', '2020-12-17 10:00:00', 'prepared', '0000-00-00 00:00:00', '0000-00-00 00:00:00'),
(41408, 5, 0, 0, 0, NULL, NULL, '2020-12-17 10:00:00', '2020-12-17 12:30:00', 'prepared', '0000-00-00 00:00:00', '0000-00-00 00:00:00'),
(41409, 5, 17, 10, 10, 'GU-471-KZ', 1, '2020-12-17 12:30:00', '2020-12-17 15:00:00', 'finished', '0000-00-00 00:00:00', '0000-00-00 00:00:00'),
(41410, 5, 6, 9, 4, 'TV-570-OR', 1, '2020-12-17 15:00:00', '2020-12-17 17:30:00', 'booked', '0000-00-00 00:00:00', '0000-00-00 00:00:00'),
(41411, 5, 10, 2, 4, 'QR-171-BH', 2, '2020-12-17 17:30:00', '2020-12-17 20:00:00', 'requested', '0000-00-00 00:00:00', '0000-00-00 00:00:00'),
(41412, 5, 0, 0, 0, NULL, NULL, '2020-12-18 06:00:00', '2020-12-18 08:30:00', 'prepared', '0000-00-00 00:00:00', '0000-00-00 00:00:00'),
(41413, 5, 0, 0, 0, NULL, NULL, '2020-12-18 08:30:00', '2020-12-18 11:00:00', 'prepared', '0000-00-00 00:00:00', '0000-00-00 00:00:00'),
(41414, 5, 10, 12, 0, 'BV-611-GU', 1, '2020-12-18 11:00:00', '2020-12-18 13:30:00', 'booked', '0000-00-00 00:00:00', '0000-00-00 00:00:00'),
(41415, 5, 6, 15, 11, 'RU-474-TW', 2, '2020-12-18 13:30:00', '2020-12-18 16:00:00', 'finished', '0000-00-00 00:00:00', '0000-00-00 00:00:00'),
(41416, 5, 18, 1, 0, 'IN-817-CZ', 1, '2020-12-18 16:00:00', '2020-12-18 18:30:00', 'finished', '0000-00-00 00:00:00', '0000-00-00 00:00:00'),
(41417, 5, 3, 2, 0, 'JU-243-JR', 2, '2020-12-18 18:30:00', '2020-12-18 21:00:00', 'requested', '0000-00-00 00:00:00', '0000-00-00 00:00:00'),
(41418, 5, 0, 0, 0, NULL, NULL, '2020-12-19 06:00:00', '2020-12-19 08:30:00', 'prepared', '0000-00-00 00:00:00', '0000-00-00 00:00:00'),
(41419, 5, 0, 0, 0, NULL, NULL, '2020-12-19 08:30:00', '2020-12-19 11:00:00', 'prepared', '0000-00-00 00:00:00', '0000-00-00 00:00:00'),
(41420, 5, 0, 0, 0, NULL, NULL, '2020-12-19 11:00:00', '2020-12-19 13:30:00', 'prepared', '0000-00-00 00:00:00', '0000-00-00 00:00:00'),
(41421, 5, 0, 0, 0, NULL, NULL, '2020-12-19 13:30:00', '2020-12-19 16:00:00', 'prepared', '0000-00-00 00:00:00', '0000-00-00 00:00:00'),
(41422, 5, 0, 0, 0, NULL, NULL, '2020-12-19 16:00:00', '2020-12-19 18:30:00', 'prepared', '0000-00-00 00:00:00', '0000-00-00 00:00:00'),
(41423, 5, 0, 0, 0, NULL, NULL, '2020-12-19 18:30:00', '2020-12-19 21:00:00', 'prepared', '0000-00-00 00:00:00', '0000-00-00 00:00:00'),
(41424, 5, 0, 0, 0, NULL, NULL, '2020-12-20 06:00:00', '2020-12-20 08:30:00', 'prepared', '0000-00-00 00:00:00', '0000-00-00 00:00:00'),
(41425, 5, 0, 0, 0, NULL, NULL, '2020-12-20 08:30:00', '2020-12-20 11:00:00', 'prepared', '0000-00-00 00:00:00', '0000-00-00 00:00:00'),
(41426, 5, 0, 0, 0, NULL, NULL, '2020-12-20 11:00:00', '2020-12-20 13:30:00', 'prepared', '0000-00-00 00:00:00', '0000-00-00 00:00:00'),
(41427, 5, 0, 0, 0, NULL, NULL, '2020-12-20 13:30:00', '2020-12-20 16:00:00', 'prepared', '0000-00-00 00:00:00', '0000-00-00 00:00:00'),
(41428, 5, 0, 0, 0, NULL, NULL, '2020-12-20 16:00:00', '2020-12-20 18:30:00', 'prepared', '0000-00-00 00:00:00', '0000-00-00 00:00:00'),
(41429, 5, 0, 0, 0, NULL, NULL, '2020-12-20 18:30:00', '2020-12-20 21:00:00', 'prepared', '0000-00-00 00:00:00', '0000-00-00 00:00:00'),
(41430, 5, 0, 0, 0, NULL, NULL, '2020-12-21 06:00:00', '2020-12-21 08:30:00', 'prepared', '0000-00-00 00:00:00', '0000-00-00 00:00:00'),
(41431, 5, 0, 0, 0, NULL, NULL, '2020-12-21 08:30:00', '2020-12-21 11:00:00', 'prepared', '0000-00-00 00:00:00', '0000-00-00 00:00:00'),
(41432, 5, 0, 0, 0, NULL, NULL, '2020-12-21 11:00:00', '2020-12-21 13:30:00', 'prepared', '0000-00-00 00:00:00', '0000-00-00 00:00:00'),
(41433, 5, 0, 0, 0, NULL, NULL, '2020-12-21 13:30:00', '2020-12-21 16:00:00', 'prepared', '0000-00-00 00:00:00', '0000-00-00 00:00:00'),
(41434, 5, 0, 0, 0, NULL, NULL, '2020-12-21 16:00:00', '2020-12-21 18:30:00', 'prepared', '0000-00-00 00:00:00', '0000-00-00 00:00:00'),
(41435, 5, 0, 0, 0, NULL, NULL, '2020-12-21 18:30:00', '2020-12-21 21:00:00', 'prepared', '0000-00-00 00:00:00', '0000-00-00 00:00:00'),
(41436, 6, 9, 2, 16, 'BG-918-MX', 2, '2020-12-08 06:00:00', '2020-12-08 08:30:00', 'booked', '0000-00-00 00:00:00', '0000-00-00 00:00:00'),
(41437, 6, 10, 10, 15, 'IU-367-IY', 1, '2020-12-08 08:30:00', '2020-12-08 11:00:00', 'booked', '0000-00-00 00:00:00', '0000-00-00 00:00:00'),
(41438, 6, 9, 1, 0, 'KL-730-TW', 1, '2020-12-08 11:00:00', '2020-12-08 13:30:00', 'booked', '0000-00-00 00:00:00', '0000-00-00 00:00:00'),
(41439, 6, 9, 9, 5, 'NT-222-CI', 1, '2020-12-08 13:30:00', '2020-12-08 16:00:00', 'requested', '0000-00-00 00:00:00', '0000-00-00 00:00:00'),
(41440, 6, 0, 0, 0, NULL, NULL, '2020-12-08 16:00:00', '2020-12-08 18:30:00', 'prepared', '0000-00-00 00:00:00', '0000-00-00 00:00:00'),
(41441, 6, 9, 5, 1, 'HT-748-LY', 1, '2020-12-08 18:30:00', '2020-12-08 21:00:00', 'requested', '0000-00-00 00:00:00', '0000-00-00 00:00:00'),
(41442, 6, 14, 4, 0, 'AN-994-HO', 2, '2020-12-09 05:00:00', '2020-12-09 07:30:00', 'finished', '0000-00-00 00:00:00', '0000-00-00 00:00:00'),
(41443, 6, 0, 0, 0, NULL, NULL, '2020-12-09 07:30:00', '2020-12-09 10:00:00', 'prepared', '0000-00-00 00:00:00', '0000-00-00 00:00:00'),
(41444, 6, 3, 8, 0, 'AK-725-DT', 1, '2020-12-09 10:00:00', '2020-12-09 12:30:00', 'finished', '0000-00-00 00:00:00', '0000-00-00 00:00:00'),
(41445, 6, 8, 15, 9, 'VX-301-HK', 1, '2020-12-09 12:30:00', '2020-12-09 15:00:00', 'finished', '0000-00-00 00:00:00', '0000-00-00 00:00:00'),
(41446, 6, 13, 7, 0, 'CU-871-OV', 2, '2020-12-09 15:00:00', '2020-12-09 17:30:00', 'finished', '0000-00-00 00:00:00', '0000-00-00 00:00:00'),
(41447, 6, 0, 0, 0, NULL, NULL, '2020-12-09 17:30:00', '2020-12-09 20:00:00', 'prepared', '0000-00-00 00:00:00', '0000-00-00 00:00:00'),
(41448, 6, 7, 14, 0, 'CT-462-AF', 1, '2020-12-10 05:00:00', '2020-12-10 07:30:00', 'booked', '0000-00-00 00:00:00', '0000-00-00 00:00:00'),
(41449, 6, 0, 0, 0, NULL, NULL, '2020-12-10 07:30:00', '2020-12-10 10:00:00', 'prepared', '0000-00-00 00:00:00', '0000-00-00 00:00:00'),
(41450, 6, 0, 0, 0, NULL, NULL, '2020-12-10 10:00:00', '2020-12-10 12:30:00', 'prepared', '0000-00-00 00:00:00', '0000-00-00 00:00:00'),
(41451, 6, 0, 0, 0, NULL, NULL, '2020-12-10 12:30:00', '2020-12-10 15:00:00', 'prepared', '0000-00-00 00:00:00', '0000-00-00 00:00:00'),
(41452, 6, 8, 5, 10, 'NY-822-QT', 1, '2020-12-10 15:00:00', '2020-12-10 17:30:00', 'finished', '0000-00-00 00:00:00', '0000-00-00 00:00:00'),
(41453, 6, 10, 1, 9, 'HK-862-MR', 2, '2020-12-10 17:30:00', '2020-12-10 20:00:00', 'booked', '0000-00-00 00:00:00', '0000-00-00 00:00:00'),
(41454, 6, 10, 10, 0, 'TX-795-OV', 2, '2020-12-11 06:00:00', '2020-12-11 08:30:00', 'finished', '0000-00-00 00:00:00', '0000-00-00 00:00:00'),
(41455, 6, 7, 1, 0, 'VY-977-FU', 1, '2020-12-11 08:30:00', '2020-12-11 11:00:00', 'requested', '0000-00-00 00:00:00', '0000-00-00 00:00:00'),
(41456, 6, 15, 10, 0, 'JO-600-FT', 2, '2020-12-11 11:00:00', '2020-12-11 13:30:00', 'booked', '0000-00-00 00:00:00', '0000-00-00 00:00:00'),
(41457, 6, 7, 3, 0, 'CO-863-CD', 1, '2020-12-11 13:30:00', '2020-12-11 16:00:00', 'requested', '0000-00-00 00:00:00', '0000-00-00 00:00:00'),
(41458, 6, 7, 15, 0, 'LN-356-IQ', 1, '2020-12-11 16:00:00', '2020-12-11 18:30:00', 'booked', '0000-00-00 00:00:00', '0000-00-00 00:00:00'),
(41459, 6, 0, 0, 0, NULL, NULL, '2020-12-11 18:30:00', '2020-12-11 21:00:00', 'prepared', '0000-00-00 00:00:00', '0000-00-00 00:00:00'),
(41460, 6, 15, 7, 4, 'OS-774-SX', 2, '2020-12-12 06:00:00', '2020-12-12 08:30:00', 'requested', '0000-00-00 00:00:00', '0000-00-00 00:00:00'),
(41461, 6, 9, 12, 0, 'NT-560-AB', 1, '2020-12-12 08:30:00', '2020-12-12 11:00:00', 'booked', '0000-00-00 00:00:00', '0000-00-00 00:00:00'),
(41462, 6, 0, 0, 0, NULL, NULL, '2020-12-12 11:00:00', '2020-12-12 13:30:00', 'prepared', '0000-00-00 00:00:00', '0000-00-00 00:00:00'),
(41463, 6, 8, 4, 0, 'AY-441-DJ', 2, '2020-12-12 13:30:00', '2020-12-12 16:00:00', 'booked', '0000-00-00 00:00:00', '0000-00-00 00:00:00'),
(41464, 6, 15, 14, 4, 'DJ-206-BI', 1, '2020-12-12 16:00:00', '2020-12-12 18:30:00', 'requested', '0000-00-00 00:00:00', '0000-00-00 00:00:00'),
(41465, 6, 17, 14, 0, 'AK-598-AT', 2, '2020-12-12 18:30:00', '2020-12-12 21:00:00', 'finished', '0000-00-00 00:00:00', '0000-00-00 00:00:00'),
(41466, 6, 0, 0, 0, NULL, NULL, '2020-12-13 06:00:00', '2020-12-13 08:30:00', 'prepared', '0000-00-00 00:00:00', '0000-00-00 00:00:00'),
(41467, 6, 7, 16, 0, 'KP-713-AW', 1, '2020-12-13 08:30:00', '2020-12-13 11:00:00', 'finished', '0000-00-00 00:00:00', '0000-00-00 00:00:00'),
(41468, 6, 17, 15, 0, 'CN-501-AR', 2, '2020-12-13 11:00:00', '2020-12-13 13:30:00', 'requested', '0000-00-00 00:00:00', '0000-00-00 00:00:00'),
(41469, 6, 0, 0, 0, NULL, NULL, '2020-12-13 13:30:00', '2020-12-13 16:00:00', 'prepared', '0000-00-00 00:00:00', '0000-00-00 00:00:00'),
(41470, 6, 6, 13, 5, 'HW-161-GT', 1, '2020-12-13 16:00:00', '2020-12-13 18:30:00', 'requested', '0000-00-00 00:00:00', '0000-00-00 00:00:00'),
(41471, 6, 15, 15, 10, 'LM-888-BZ', 1, '2020-12-13 18:30:00', '2020-12-13 21:00:00', 'finished', '0000-00-00 00:00:00', '0000-00-00 00:00:00'),
(41472, 6, 6, 3, 11, 'CS-438-UX', 1, '2020-12-14 06:00:00', '2020-12-14 08:30:00', 'requested', '0000-00-00 00:00:00', '0000-00-00 00:00:00'),
(41473, 6, 8, 9, 0, 'CO-578-IZ', 2, '2020-12-14 08:30:00', '2020-12-14 11:00:00', 'booked', '0000-00-00 00:00:00', '0000-00-00 00:00:00'),
(41474, 6, 13, 2, 0, 'EV-917-GX', 1, '2020-12-14 11:00:00', '2020-12-14 13:30:00', 'booked', '0000-00-00 00:00:00', '0000-00-00 00:00:00'),
(41475, 6, 15, 5, 11, 'AF-462-DL', 1, '2020-12-14 13:30:00', '2020-12-14 16:00:00', 'finished', '0000-00-00 00:00:00', '0000-00-00 00:00:00'),
(41476, 6, 15, 16, 0, 'EZ-619-VW', 2, '2020-12-14 16:00:00', '2020-12-14 18:30:00', 'finished', '0000-00-00 00:00:00', '0000-00-00 00:00:00'),
(41477, 6, 0, 0, 0, NULL, NULL, '2020-12-14 18:30:00', '2020-12-14 21:00:00', 'prepared', '0000-00-00 00:00:00', '0000-00-00 00:00:00'),
(41478, 6, 3, 13, 3, 'OT-505-OT', 2, '2020-12-15 06:00:00', '2020-12-15 08:30:00', 'finished', '0000-00-00 00:00:00', '0000-00-00 00:00:00'),
(41479, 6, 18, 3, 5, 'BX-879-DU', 1, '2020-12-15 08:30:00', '2020-12-15 11:00:00', 'booked', '0000-00-00 00:00:00', '0000-00-00 00:00:00'),
(41480, 6, 9, 7, 0, 'AK-104-NQ', 2, '2020-12-15 11:00:00', '2020-12-15 13:30:00', 'requested', '0000-00-00 00:00:00', '0000-00-00 00:00:00'),
(41481, 6, 15, 6, 0, 'TZ-368-DW', 2, '2020-12-15 13:30:00', '2020-12-15 16:00:00', 'requested', '0000-00-00 00:00:00', '0000-00-00 00:00:00'),
(41482, 6, 0, 0, 0, NULL, NULL, '2020-12-15 16:00:00', '2020-12-15 18:30:00', 'prepared', '0000-00-00 00:00:00', '0000-00-00 00:00:00'),
(41483, 6, 0, 0, 0, NULL, NULL, '2020-12-15 18:30:00', '2020-12-15 21:00:00', 'prepared', '0000-00-00 00:00:00', '0000-00-00 00:00:00'),
(41484, 6, 0, 0, 0, NULL, NULL, '2020-12-16 05:00:00', '2020-12-16 07:30:00', 'prepared', '0000-00-00 00:00:00', '0000-00-00 00:00:00'),
(41485, 6, 0, 0, 0, NULL, NULL, '2020-12-16 07:30:00', '2020-12-16 10:00:00', 'prepared', '0000-00-00 00:00:00', '0000-00-00 00:00:00'),
(41486, 6, 0, 0, 0, NULL, NULL, '2020-12-16 10:00:00', '2020-12-16 12:30:00', 'prepared', '0000-00-00 00:00:00', '0000-00-00 00:00:00'),
(41487, 6, 17, 14, 14, 'BJ-799-RV', 1, '2020-12-16 12:30:00', '2020-12-16 15:00:00', 'requested', '0000-00-00 00:00:00', '0000-00-00 00:00:00'),
(41488, 6, 13, 8, 14, 'UX-416-RX', 1, '2020-12-16 15:00:00', '2020-12-16 17:30:00', 'requested', '0000-00-00 00:00:00', '0000-00-00 00:00:00'),
(41489, 6, 14, 9, 6, 'OP-110-VX', 1, '2020-12-16 17:30:00', '2020-12-16 20:00:00', 'booked', '0000-00-00 00:00:00', '0000-00-00 00:00:00'),
(41490, 6, 8, 2, 0, 'CL-712-CI', 2, '2020-12-17 05:00:00', '2020-12-17 07:30:00', 'finished', '0000-00-00 00:00:00', '0000-00-00 00:00:00'),
(41491, 6, 7, 14, 1, 'BD-443-DO', 1, '2020-12-17 07:30:00', '2020-12-17 10:00:00', 'booked', '0000-00-00 00:00:00', '0000-00-00 00:00:00'),
(41492, 6, 13, 10, 0, 'KM-756-FR', 1, '2020-12-17 10:00:00', '2020-12-17 12:30:00', 'booked', '0000-00-00 00:00:00', '0000-00-00 00:00:00'),
(41493, 6, 15, 3, 10, 'HU-288-BR', 2, '2020-12-17 12:30:00', '2020-12-17 15:00:00', 'requested', '0000-00-00 00:00:00', '0000-00-00 00:00:00'),
(41494, 6, 0, 0, 0, NULL, NULL, '2020-12-17 15:00:00', '2020-12-17 17:30:00', 'prepared', '0000-00-00 00:00:00', '0000-00-00 00:00:00'),
(41495, 6, 9, 8, 9, 'CF-395-BS', 1, '2020-12-17 17:30:00', '2020-12-17 20:00:00', 'finished', '0000-00-00 00:00:00', '0000-00-00 00:00:00'),
(41496, 6, 13, 14, 16, 'CS-593-AZ', 2, '2020-12-18 06:00:00', '2020-12-18 08:30:00', 'requested', '0000-00-00 00:00:00', '0000-00-00 00:00:00'),
(41497, 6, 14, 1, 0, 'CJ-849-CT', 1, '2020-12-18 08:30:00', '2020-12-18 11:00:00', 'requested', '0000-00-00 00:00:00', '0000-00-00 00:00:00'),
(41498, 6, 8, 7, 15, 'UW-322-IL', 1, '2020-12-18 11:00:00', '2020-12-18 13:30:00', 'requested', '0000-00-00 00:00:00', '0000-00-00 00:00:00'),
(41499, 6, 17, 10, 2, 'IX-593-OT', 2, '2020-12-18 13:30:00', '2020-12-18 16:00:00', 'requested', '0000-00-00 00:00:00', '0000-00-00 00:00:00'),
(41500, 6, 0, 0, 0, NULL, NULL, '2020-12-18 16:00:00', '2020-12-18 18:30:00', 'prepared', '0000-00-00 00:00:00', '0000-00-00 00:00:00'),
(41501, 6, 3, 3, 0, 'FW-600-FQ', 1, '2020-12-18 18:30:00', '2020-12-18 21:00:00', 'finished', '0000-00-00 00:00:00', '0000-00-00 00:00:00'),
(41502, 6, 0, 0, 0, NULL, NULL, '2020-12-19 06:00:00', '2020-12-19 08:30:00', 'prepared', '0000-00-00 00:00:00', '0000-00-00 00:00:00'),
(41503, 6, 0, 0, 0, NULL, NULL, '2020-12-19 08:30:00', '2020-12-19 11:00:00', 'prepared', '0000-00-00 00:00:00', '0000-00-00 00:00:00'),
(41504, 6, 0, 0, 0, NULL, NULL, '2020-12-19 11:00:00', '2020-12-19 13:30:00', 'prepared', '0000-00-00 00:00:00', '0000-00-00 00:00:00'),
(41505, 6, 0, 0, 0, NULL, NULL, '2020-12-19 13:30:00', '2020-12-19 16:00:00', 'prepared', '0000-00-00 00:00:00', '0000-00-00 00:00:00'),
(41506, 6, 0, 0, 0, NULL, NULL, '2020-12-19 16:00:00', '2020-12-19 18:30:00', 'prepared', '0000-00-00 00:00:00', '0000-00-00 00:00:00'),
(41507, 6, 0, 0, 0, NULL, NULL, '2020-12-19 18:30:00', '2020-12-19 21:00:00', 'prepared', '0000-00-00 00:00:00', '0000-00-00 00:00:00'),
(41508, 6, 0, 0, 0, NULL, NULL, '2020-12-20 06:00:00', '2020-12-20 08:30:00', 'prepared', '0000-00-00 00:00:00', '0000-00-00 00:00:00'),
(41509, 6, 0, 0, 0, NULL, NULL, '2020-12-20 08:30:00', '2020-12-20 11:00:00', 'prepared', '0000-00-00 00:00:00', '0000-00-00 00:00:00'),
(41510, 6, 0, 0, 0, NULL, NULL, '2020-12-20 11:00:00', '2020-12-20 13:30:00', 'prepared', '0000-00-00 00:00:00', '0000-00-00 00:00:00'),
(41511, 6, 0, 0, 0, NULL, NULL, '2020-12-20 13:30:00', '2020-12-20 16:00:00', 'prepared', '0000-00-00 00:00:00', '0000-00-00 00:00:00'),
(41512, 6, 0, 0, 0, NULL, NULL, '2020-12-20 16:00:00', '2020-12-20 18:30:00', 'prepared', '0000-00-00 00:00:00', '0000-00-00 00:00:00'),
(41513, 6, 0, 0, 0, NULL, NULL, '2020-12-20 18:30:00', '2020-12-20 21:00:00', 'prepared', '0000-00-00 00:00:00', '0000-00-00 00:00:00'),
(41514, 6, 0, 0, 0, NULL, NULL, '2020-12-21 06:00:00', '2020-12-21 08:30:00', 'prepared', '0000-00-00 00:00:00', '0000-00-00 00:00:00'),
(41515, 6, 0, 0, 0, NULL, NULL, '2020-12-21 08:30:00', '2020-12-21 11:00:00', 'prepared', '0000-00-00 00:00:00', '0000-00-00 00:00:00'),
(41516, 6, 0, 0, 0, NULL, NULL, '2020-12-21 11:00:00', '2020-12-21 13:30:00', 'prepared', '0000-00-00 00:00:00', '0000-00-00 00:00:00'),
(41517, 6, 0, 0, 0, NULL, NULL, '2020-12-21 13:30:00', '2020-12-21 16:00:00', 'prepared', '0000-00-00 00:00:00', '0000-00-00 00:00:00'),
(41518, 6, 0, 0, 0, NULL, NULL, '2020-12-21 16:00:00', '2020-12-21 18:30:00', 'prepared', '0000-00-00 00:00:00', '0000-00-00 00:00:00'),
(41519, 6, 0, 0, 0, NULL, NULL, '2020-12-21 18:30:00', '2020-12-21 21:00:00', 'prepared', '0000-00-00 00:00:00', '0000-00-00 00:00:00'),
(41520, 7, 17, 1, 0, 'CU-851-FX', 2, '2020-12-08 06:00:00', '2020-12-08 08:30:00', 'finished', '0000-00-00 00:00:00', '0000-00-00 00:00:00'),
(41521, 7, 14, 12, 10, 'BJ-381-JY', 2, '2020-12-08 08:30:00', '2020-12-08 11:00:00', 'booked', '0000-00-00 00:00:00', '0000-00-00 00:00:00'),
(41522, 7, 0, 0, 0, NULL, NULL, '2020-12-08 11:00:00', '2020-12-08 13:30:00', 'prepared', '0000-00-00 00:00:00', '0000-00-00 00:00:00'),
(41523, 7, 0, 0, 0, NULL, NULL, '2020-12-08 13:30:00', '2020-12-08 16:00:00', 'prepared', '0000-00-00 00:00:00', '0000-00-00 00:00:00'),
(41524, 7, 0, 0, 0, NULL, NULL, '2020-12-08 16:00:00', '2020-12-08 18:30:00', 'prepared', '0000-00-00 00:00:00', '0000-00-00 00:00:00'),
(41525, 7, 9, 6, 0, 'UX-649-DY', 1, '2020-12-08 18:30:00', '2020-12-08 21:00:00', 'finished', '0000-00-00 00:00:00', '0000-00-00 00:00:00'),
(41526, 7, 8, 6, 12, 'RX-556-DP', 1, '2020-12-09 05:00:00', '2020-12-09 07:30:00', 'booked', '0000-00-00 00:00:00', '0000-00-00 00:00:00'),
(41527, 7, 10, 16, 8, 'CE-287-CR', 2, '2020-12-09 07:30:00', '2020-12-09 10:00:00', 'requested', '0000-00-00 00:00:00', '0000-00-00 00:00:00'),
(41528, 7, 7, 2, 14, 'DU-494-KS', 1, '2020-12-09 10:00:00', '2020-12-09 12:30:00', 'booked', '0000-00-00 00:00:00', '0000-00-00 00:00:00'),
(41529, 7, 0, 0, 0, NULL, NULL, '2020-12-09 12:30:00', '2020-12-09 15:00:00', 'prepared', '0000-00-00 00:00:00', '0000-00-00 00:00:00'),
(41530, 7, 6, 13, 14, 'EN-148-DJ', 1, '2020-12-09 15:00:00', '2020-12-09 17:30:00', 'finished', '0000-00-00 00:00:00', '0000-00-00 00:00:00'),
(41531, 7, 8, 16, 0, 'KO-914-MW', 1, '2020-12-09 17:30:00', '2020-12-09 20:00:00', 'booked', '0000-00-00 00:00:00', '0000-00-00 00:00:00'),
(41532, 7, 14, 10, 0, 'NS-388-BO', 2, '2020-12-10 05:00:00', '2020-12-10 07:30:00', 'requested', '0000-00-00 00:00:00', '0000-00-00 00:00:00'),
(41533, 7, 14, 11, 0, 'VW-942-IO', 2, '2020-12-10 07:30:00', '2020-12-10 10:00:00', 'requested', '0000-00-00 00:00:00', '0000-00-00 00:00:00'),
(41534, 7, 15, 7, 0, 'HV-818-LN', 1, '2020-12-10 10:00:00', '2020-12-10 12:30:00', 'requested', '0000-00-00 00:00:00', '0000-00-00 00:00:00'),
(41535, 7, 13, 15, 15, 'RT-522-EJ', 2, '2020-12-10 12:30:00', '2020-12-10 15:00:00', 'requested', '0000-00-00 00:00:00', '0000-00-00 00:00:00'),
(41536, 7, 18, 9, 0, 'PR-806-JP', 2, '2020-12-10 15:00:00', '2020-12-10 17:30:00', 'finished', '0000-00-00 00:00:00', '0000-00-00 00:00:00'),
(41537, 7, 3, 5, 2, 'NP-737-VX', 2, '2020-12-10 17:30:00', '2020-12-10 20:00:00', 'finished', '0000-00-00 00:00:00', '0000-00-00 00:00:00'),
(41538, 7, 13, 5, 6, 'KN-469-VY', 1, '2020-12-11 06:00:00', '2020-12-11 08:30:00', 'booked', '0000-00-00 00:00:00', '0000-00-00 00:00:00'),
(41539, 7, 10, 10, 11, 'AU-437-CM', 2, '2020-12-11 08:30:00', '2020-12-11 11:00:00', 'requested', '0000-00-00 00:00:00', '0000-00-00 00:00:00'),
(41540, 7, 0, 0, 0, NULL, NULL, '2020-12-11 11:00:00', '2020-12-11 13:30:00', 'prepared', '0000-00-00 00:00:00', '0000-00-00 00:00:00'),
(41541, 7, 15, 13, 6, 'CZ-338-WX', 2, '2020-12-11 13:30:00', '2020-12-11 16:00:00', 'finished', '0000-00-00 00:00:00', '0000-00-00 00:00:00'),
(41542, 7, 9, 2, 7, 'IJ-106-DE', 2, '2020-12-11 16:00:00', '2020-12-11 18:30:00', 'requested', '0000-00-00 00:00:00', '0000-00-00 00:00:00'),
(41543, 7, 0, 0, 0, NULL, NULL, '2020-12-11 18:30:00', '2020-12-11 21:00:00', 'prepared', '0000-00-00 00:00:00', '0000-00-00 00:00:00'),
(41544, 7, 17, 14, 0, 'EV-195-IO', 1, '2020-12-12 06:00:00', '2020-12-12 08:30:00', 'requested', '0000-00-00 00:00:00', '0000-00-00 00:00:00'),
(41545, 7, 14, 7, 0, 'HX-186-FI', 1, '2020-12-12 08:30:00', '2020-12-12 11:00:00', 'finished', '0000-00-00 00:00:00', '0000-00-00 00:00:00'),
(41546, 7, 13, 9, 0, 'OT-988-HN', 1, '2020-12-12 11:00:00', '2020-12-12 13:30:00', 'requested', '0000-00-00 00:00:00', '0000-00-00 00:00:00'),
(41547, 7, 0, 0, 0, NULL, NULL, '2020-12-12 13:30:00', '2020-12-12 16:00:00', 'prepared', '0000-00-00 00:00:00', '0000-00-00 00:00:00'),
(41548, 7, 7, 12, 0, 'AJ-744-EG', 2, '2020-12-12 16:00:00', '2020-12-12 18:30:00', 'finished', '0000-00-00 00:00:00', '0000-00-00 00:00:00'),
(41549, 7, 18, 6, 10, 'JP-846-NY', 2, '2020-12-12 18:30:00', '2020-12-12 21:00:00', 'booked', '0000-00-00 00:00:00', '0000-00-00 00:00:00'),
(41550, 7, 9, 11, 0, 'XZ-421-EY', 1, '2020-12-13 06:00:00', '2020-12-13 08:30:00', 'booked', '0000-00-00 00:00:00', '0000-00-00 00:00:00'),
(41551, 7, 0, 0, 0, NULL, NULL, '2020-12-13 08:30:00', '2020-12-13 11:00:00', 'prepared', '0000-00-00 00:00:00', '0000-00-00 00:00:00'),
(41552, 7, 9, 7, 0, 'CH-252-HR', 1, '2020-12-13 11:00:00', '2020-12-13 13:30:00', 'booked', '0000-00-00 00:00:00', '0000-00-00 00:00:00'),
(41553, 7, 0, 0, 0, NULL, NULL, '2020-12-13 13:30:00', '2020-12-13 16:00:00', 'prepared', '0000-00-00 00:00:00', '0000-00-00 00:00:00'),
(41554, 7, 0, 0, 0, NULL, NULL, '2020-12-13 16:00:00', '2020-12-13 18:30:00', 'prepared', '0000-00-00 00:00:00', '0000-00-00 00:00:00'),
(41555, 7, 14, 13, 6, 'HO-539-EK', 1, '2020-12-13 18:30:00', '2020-12-13 21:00:00', 'requested', '0000-00-00 00:00:00', '0000-00-00 00:00:00'),
(41556, 7, 17, 10, 0, 'KS-260-QZ', 1, '2020-12-14 06:00:00', '2020-12-14 08:30:00', 'finished', '0000-00-00 00:00:00', '0000-00-00 00:00:00'),
(41557, 7, 14, 13, 0, 'EQ-308-IQ', 1, '2020-12-14 08:30:00', '2020-12-14 11:00:00', 'finished', '0000-00-00 00:00:00', '0000-00-00 00:00:00'),
(41558, 7, 7, 1, 0, 'NV-718-DY', 2, '2020-12-14 11:00:00', '2020-12-14 13:30:00', 'finished', '0000-00-00 00:00:00', '0000-00-00 00:00:00'),
(41559, 7, 0, 0, 0, NULL, NULL, '2020-12-14 13:30:00', '2020-12-14 16:00:00', 'prepared', '0000-00-00 00:00:00', '0000-00-00 00:00:00'),
(41560, 7, 0, 0, 0, NULL, NULL, '2020-12-14 16:00:00', '2020-12-14 18:30:00', 'prepared', '0000-00-00 00:00:00', '0000-00-00 00:00:00'),
(41561, 7, 9, 6, 14, 'QV-463-KX', 1, '2020-12-14 18:30:00', '2020-12-14 21:00:00', 'finished', '0000-00-00 00:00:00', '0000-00-00 00:00:00'),
(41562, 7, 15, 14, 9, 'VX-632-LW', 1, '2020-12-15 06:00:00', '2020-12-15 08:30:00', 'finished', '0000-00-00 00:00:00', '0000-00-00 00:00:00'),
(41563, 7, 6, 16, 0, 'DH-804-EI', 2, '2020-12-15 08:30:00', '2020-12-15 11:00:00', 'requested', '0000-00-00 00:00:00', '0000-00-00 00:00:00'),
(41564, 7, 0, 0, 0, NULL, NULL, '2020-12-15 11:00:00', '2020-12-15 13:30:00', 'prepared', '0000-00-00 00:00:00', '0000-00-00 00:00:00'),
(41565, 7, 0, 0, 0, NULL, NULL, '2020-12-15 13:30:00', '2020-12-15 16:00:00', 'prepared', '0000-00-00 00:00:00', '0000-00-00 00:00:00'),
(41566, 7, 10, 14, 11, 'MZ-372-JP', 1, '2020-12-15 16:00:00', '2020-12-15 18:30:00', 'requested', '0000-00-00 00:00:00', '0000-00-00 00:00:00'),
(41567, 7, 8, 9, 0, 'KU-555-PR', 2, '2020-12-15 18:30:00', '2020-12-15 21:00:00', 'requested', '0000-00-00 00:00:00', '0000-00-00 00:00:00'),
(41568, 7, 7, 3, 0, 'PY-835-HI', 2, '2020-12-16 05:00:00', '2020-12-16 07:30:00', 'booked', '0000-00-00 00:00:00', '0000-00-00 00:00:00'),
(41569, 7, 10, 13, 9, 'MR-404-PQ', 2, '2020-12-16 07:30:00', '2020-12-16 10:00:00', 'booked', '0000-00-00 00:00:00', '0000-00-00 00:00:00'),
(41570, 7, 13, 5, 1, 'HU-359-WX', 2, '2020-12-16 10:00:00', '2020-12-16 12:30:00', 'requested', '0000-00-00 00:00:00', '0000-00-00 00:00:00'),
(41571, 7, 17, 10, 0, 'IK-959-JM', 2, '2020-12-16 12:30:00', '2020-12-16 15:00:00', 'booked', '0000-00-00 00:00:00', '0000-00-00 00:00:00'),
(41572, 7, 0, 0, 0, NULL, NULL, '2020-12-16 15:00:00', '2020-12-16 17:30:00', 'prepared', '0000-00-00 00:00:00', '0000-00-00 00:00:00'),
(41573, 7, 7, 15, 5, 'PW-139-RZ', 1, '2020-12-16 17:30:00', '2020-12-16 20:00:00', 'booked', '0000-00-00 00:00:00', '0000-00-00 00:00:00'),
(41574, 7, 13, 10, 10, 'CP-499-RS', 1, '2020-12-17 05:00:00', '2020-12-17 07:30:00', 'finished', '0000-00-00 00:00:00', '0000-00-00 00:00:00'),
(41575, 7, 0, 0, 0, NULL, NULL, '2020-12-17 07:30:00', '2020-12-17 10:00:00', 'prepared', '0000-00-00 00:00:00', '0000-00-00 00:00:00'),
(41576, 7, 10, 4, 0, 'GW-877-OU', 2, '2020-12-17 10:00:00', '2020-12-17 12:30:00', 'booked', '0000-00-00 00:00:00', '0000-00-00 00:00:00'),
(41577, 7, 8, 8, 0, 'GK-419-WZ', 2, '2020-12-17 12:30:00', '2020-12-17 15:00:00', 'requested', '0000-00-00 00:00:00', '0000-00-00 00:00:00'),
(41578, 7, 6, 6, 16, 'FI-621-BP', 1, '2020-12-17 15:00:00', '2020-12-17 17:30:00', 'requested', '0000-00-00 00:00:00', '0000-00-00 00:00:00'),
(41579, 7, 0, 0, 0, NULL, NULL, '2020-12-17 17:30:00', '2020-12-17 20:00:00', 'prepared', '0000-00-00 00:00:00', '0000-00-00 00:00:00'),
(41580, 7, 0, 0, 0, NULL, NULL, '2020-12-18 06:00:00', '2020-12-18 08:30:00', 'prepared', '0000-00-00 00:00:00', '0000-00-00 00:00:00'),
(41581, 7, 13, 12, 0, 'BX-778-GM', 1, '2020-12-18 08:30:00', '2020-12-18 11:00:00', 'finished', '0000-00-00 00:00:00', '0000-00-00 00:00:00'),
(41582, 7, 6, 6, 0, 'NU-402-EP', 2, '2020-12-18 11:00:00', '2020-12-18 13:30:00', 'requested', '0000-00-00 00:00:00', '0000-00-00 00:00:00'),
(41583, 7, 17, 11, 0, 'GI-722-MT', 1, '2020-12-18 13:30:00', '2020-12-18 16:00:00', 'requested', '0000-00-00 00:00:00', '0000-00-00 00:00:00'),
(41584, 7, 9, 11, 14, 'IK-771-AT', 1, '2020-12-18 16:00:00', '2020-12-18 18:30:00', 'requested', '0000-00-00 00:00:00', '0000-00-00 00:00:00'),
(41585, 7, 10, 4, 0, 'BV-880-DW', 2, '2020-12-18 18:30:00', '2020-12-18 21:00:00', 'finished', '0000-00-00 00:00:00', '0000-00-00 00:00:00'),
(41586, 7, 0, 0, 0, NULL, NULL, '2020-12-19 06:00:00', '2020-12-19 08:30:00', 'prepared', '0000-00-00 00:00:00', '0000-00-00 00:00:00'),
(41587, 7, 0, 0, 0, NULL, NULL, '2020-12-19 08:30:00', '2020-12-19 11:00:00', 'prepared', '0000-00-00 00:00:00', '0000-00-00 00:00:00'),
(41588, 7, 0, 0, 0, NULL, NULL, '2020-12-19 11:00:00', '2020-12-19 13:30:00', 'prepared', '0000-00-00 00:00:00', '0000-00-00 00:00:00'),
(41589, 7, 0, 0, 0, NULL, NULL, '2020-12-19 13:30:00', '2020-12-19 16:00:00', 'prepared', '0000-00-00 00:00:00', '0000-00-00 00:00:00'),
(41590, 7, 0, 0, 0, NULL, NULL, '2020-12-19 16:00:00', '2020-12-19 18:30:00', 'prepared', '0000-00-00 00:00:00', '0000-00-00 00:00:00'),
(41591, 7, 0, 0, 0, NULL, NULL, '2020-12-19 18:30:00', '2020-12-19 21:00:00', 'prepared', '0000-00-00 00:00:00', '0000-00-00 00:00:00'),
(41592, 7, 0, 0, 0, NULL, NULL, '2020-12-20 06:00:00', '2020-12-20 08:30:00', 'prepared', '0000-00-00 00:00:00', '0000-00-00 00:00:00'),
(41593, 7, 0, 0, 0, NULL, NULL, '2020-12-20 08:30:00', '2020-12-20 11:00:00', 'prepared', '0000-00-00 00:00:00', '0000-00-00 00:00:00'),
(41594, 7, 0, 0, 0, NULL, NULL, '2020-12-20 11:00:00', '2020-12-20 13:30:00', 'prepared', '0000-00-00 00:00:00', '0000-00-00 00:00:00'),
(41595, 7, 0, 0, 0, NULL, NULL, '2020-12-20 13:30:00', '2020-12-20 16:00:00', 'prepared', '0000-00-00 00:00:00', '0000-00-00 00:00:00'),
(41596, 7, 0, 0, 0, NULL, NULL, '2020-12-20 16:00:00', '2020-12-20 18:30:00', 'prepared', '0000-00-00 00:00:00', '0000-00-00 00:00:00'),
(41597, 7, 0, 0, 0, NULL, NULL, '2020-12-20 18:30:00', '2020-12-20 21:00:00', 'prepared', '0000-00-00 00:00:00', '0000-00-00 00:00:00'),
(41598, 7, 0, 0, 0, NULL, NULL, '2020-12-21 06:00:00', '2020-12-21 08:30:00', 'prepared', '0000-00-00 00:00:00', '0000-00-00 00:00:00'),
(41599, 7, 0, 0, 0, NULL, NULL, '2020-12-21 08:30:00', '2020-12-21 11:00:00', 'prepared', '0000-00-00 00:00:00', '0000-00-00 00:00:00'),
(41600, 7, 0, 0, 0, NULL, NULL, '2020-12-21 11:00:00', '2020-12-21 13:30:00', 'prepared', '0000-00-00 00:00:00', '0000-00-00 00:00:00'),
(41601, 7, 0, 0, 0, NULL, NULL, '2020-12-21 13:30:00', '2020-12-21 16:00:00', 'prepared', '0000-00-00 00:00:00', '0000-00-00 00:00:00'),
(41602, 7, 0, 0, 0, NULL, NULL, '2020-12-21 16:00:00', '2020-12-21 18:30:00', 'prepared', '0000-00-00 00:00:00', '0000-00-00 00:00:00'),
(41603, 7, 0, 0, 0, NULL, NULL, '2020-12-21 18:30:00', '2020-12-21 21:00:00', 'prepared', '0000-00-00 00:00:00', '0000-00-00 00:00:00'),
(41604, 8, 8, 13, 0, 'HO-434-BQ', 1, '2020-12-08 06:00:00', '2020-12-08 08:30:00', 'finished', '0000-00-00 00:00:00', '0000-00-00 00:00:00'),
(41605, 8, 0, 0, 0, NULL, NULL, '2020-12-08 08:30:00', '2020-12-08 11:00:00', 'prepared', '0000-00-00 00:00:00', '0000-00-00 00:00:00'),
(41606, 8, 13, 10, 1, 'AU-279-GV', 1, '2020-12-08 11:00:00', '2020-12-08 13:30:00', 'booked', '0000-00-00 00:00:00', '0000-00-00 00:00:00'),
(41607, 8, 6, 8, 14, 'OS-115-NV', 2, '2020-12-08 13:30:00', '2020-12-08 16:00:00', 'finished', '0000-00-00 00:00:00', '0000-00-00 00:00:00'),
(41608, 8, 7, 16, 3, 'FT-202-BN', 1, '2020-12-08 16:00:00', '2020-12-08 18:30:00', 'finished', '0000-00-00 00:00:00', '0000-00-00 00:00:00'),
(41609, 8, 0, 0, 0, NULL, NULL, '2020-12-08 18:30:00', '2020-12-08 21:00:00', 'prepared', '0000-00-00 00:00:00', '0000-00-00 00:00:00'),
(41610, 8, 0, 0, 0, NULL, NULL, '2020-12-09 05:00:00', '2020-12-09 07:30:00', 'prepared', '0000-00-00 00:00:00', '0000-00-00 00:00:00'),
(41611, 8, 0, 0, 0, NULL, NULL, '2020-12-09 07:30:00', '2020-12-09 10:00:00', 'prepared', '0000-00-00 00:00:00', '0000-00-00 00:00:00'),
(41612, 8, 6, 6, 10, 'MU-401-MY', 2, '2020-12-09 10:00:00', '2020-12-09 12:30:00', 'booked', '0000-00-00 00:00:00', '0000-00-00 00:00:00'),
(41613, 8, 8, 2, 10, 'NS-418-HX', 1, '2020-12-09 12:30:00', '2020-12-09 15:00:00', 'requested', '0000-00-00 00:00:00', '0000-00-00 00:00:00'),
(41614, 8, 17, 7, 0, 'CZ-667-NU', 1, '2020-12-09 15:00:00', '2020-12-09 17:30:00', 'requested', '0000-00-00 00:00:00', '0000-00-00 00:00:00'),
(41615, 8, 17, 16, 0, 'TX-261-SX', 2, '2020-12-09 17:30:00', '2020-12-09 20:00:00', 'requested', '0000-00-00 00:00:00', '0000-00-00 00:00:00'),
(41616, 8, 17, 4, 9, 'RU-563-CX', 2, '2020-12-10 05:00:00', '2020-12-10 07:30:00', 'booked', '0000-00-00 00:00:00', '0000-00-00 00:00:00'),
(41617, 8, 0, 0, 0, NULL, NULL, '2020-12-10 07:30:00', '2020-12-10 10:00:00', 'prepared', '0000-00-00 00:00:00', '0000-00-00 00:00:00'),
(41618, 8, 0, 0, 0, NULL, NULL, '2020-12-10 10:00:00', '2020-12-10 12:30:00', 'prepared', '0000-00-00 00:00:00', '0000-00-00 00:00:00'),
(41619, 8, 0, 0, 0, NULL, NULL, '2020-12-10 12:30:00', '2020-12-10 15:00:00', 'prepared', '0000-00-00 00:00:00', '0000-00-00 00:00:00'),
(41620, 8, 15, 2, 0, 'HJ-719-BZ', 2, '2020-12-10 15:00:00', '2020-12-10 17:30:00', 'booked', '0000-00-00 00:00:00', '0000-00-00 00:00:00'),
(41621, 8, 6, 9, 14, 'CD-839-LT', 2, '2020-12-10 17:30:00', '2020-12-10 20:00:00', 'requested', '0000-00-00 00:00:00', '0000-00-00 00:00:00'),
(41622, 8, 15, 9, 0, 'GY-968-VW', 1, '2020-12-11 06:00:00', '2020-12-11 08:30:00', 'requested', '0000-00-00 00:00:00', '0000-00-00 00:00:00'),
(41623, 8, 8, 1, 0, 'JO-302-OP', 2, '2020-12-11 08:30:00', '2020-12-11 11:00:00', 'requested', '0000-00-00 00:00:00', '0000-00-00 00:00:00'),
(41624, 8, 7, 3, 0, 'DE-238-MY', 1, '2020-12-11 11:00:00', '2020-12-11 13:30:00', 'requested', '0000-00-00 00:00:00', '0000-00-00 00:00:00'),
(41625, 8, 0, 0, 0, NULL, NULL, '2020-12-11 13:30:00', '2020-12-11 16:00:00', 'prepared', '0000-00-00 00:00:00', '0000-00-00 00:00:00'),
(41626, 8, 0, 0, 0, NULL, NULL, '2020-12-11 16:00:00', '2020-12-11 18:30:00', 'prepared', '0000-00-00 00:00:00', '0000-00-00 00:00:00'),
(41627, 8, 7, 5, 2, 'FZ-941-AV', 1, '2020-12-11 18:30:00', '2020-12-11 21:00:00', 'finished', '0000-00-00 00:00:00', '0000-00-00 00:00:00'),
(41628, 8, 0, 0, 0, NULL, NULL, '2020-12-12 06:00:00', '2020-12-12 08:30:00', 'prepared', '0000-00-00 00:00:00', '0000-00-00 00:00:00'),
(41629, 8, 3, 3, 7, 'IW-502-OQ', 2, '2020-12-12 08:30:00', '2020-12-12 11:00:00', 'requested', '0000-00-00 00:00:00', '0000-00-00 00:00:00'),
(41630, 8, 18, 5, 0, 'OS-977-AW', 1, '2020-12-12 11:00:00', '2020-12-12 13:30:00', 'booked', '0000-00-00 00:00:00', '0000-00-00 00:00:00'),
(41631, 8, 14, 14, 0, 'RW-749-IV', 2, '2020-12-12 13:30:00', '2020-12-12 16:00:00', 'booked', '0000-00-00 00:00:00', '0000-00-00 00:00:00'),
(41632, 8, 13, 10, 0, 'HS-849-EV', 2, '2020-12-12 16:00:00', '2020-12-12 18:30:00', 'finished', '0000-00-00 00:00:00', '0000-00-00 00:00:00'),
(41633, 8, 18, 16, 4, 'AR-768-OU', 1, '2020-12-12 18:30:00', '2020-12-12 21:00:00', 'booked', '0000-00-00 00:00:00', '0000-00-00 00:00:00'),
(41634, 8, 0, 0, 0, NULL, NULL, '2020-12-13 06:00:00', '2020-12-13 08:30:00', 'prepared', '0000-00-00 00:00:00', '0000-00-00 00:00:00'),
(41635, 8, 0, 0, 0, NULL, NULL, '2020-12-13 08:30:00', '2020-12-13 11:00:00', 'prepared', '0000-00-00 00:00:00', '0000-00-00 00:00:00'),
(41636, 8, 13, 14, 7, 'BN-530-DQ', 2, '2020-12-13 11:00:00', '2020-12-13 13:30:00', 'finished', '0000-00-00 00:00:00', '0000-00-00 00:00:00'),
(41637, 8, 15, 13, 0, 'CI-773-FN', 1, '2020-12-13 13:30:00', '2020-12-13 16:00:00', 'requested', '0000-00-00 00:00:00', '0000-00-00 00:00:00'),
(41638, 8, 8, 1, 0, 'IJ-784-IL', 2, '2020-12-13 16:00:00', '2020-12-13 18:30:00', 'booked', '0000-00-00 00:00:00', '0000-00-00 00:00:00'),
(41639, 8, 0, 0, 0, NULL, NULL, '2020-12-13 18:30:00', '2020-12-13 21:00:00', 'prepared', '0000-00-00 00:00:00', '0000-00-00 00:00:00'),
(41640, 8, 15, 16, 0, 'CO-399-JM', 1, '2020-12-14 06:00:00', '2020-12-14 08:30:00', 'requested', '0000-00-00 00:00:00', '0000-00-00 00:00:00'),
(41641, 8, 0, 0, 0, NULL, NULL, '2020-12-14 08:30:00', '2020-12-14 11:00:00', 'prepared', '0000-00-00 00:00:00', '0000-00-00 00:00:00'),
(41642, 8, 14, 4, 0, 'BX-162-FV', 2, '2020-12-14 11:00:00', '2020-12-14 13:30:00', 'booked', '0000-00-00 00:00:00', '0000-00-00 00:00:00'),
(41643, 8, 3, 7, 13, 'IT-318-SU', 2, '2020-12-14 13:30:00', '2020-12-14 16:00:00', 'finished', '0000-00-00 00:00:00', '0000-00-00 00:00:00'),
(41644, 8, 6, 6, 0, 'BP-756-XZ', 2, '2020-12-14 16:00:00', '2020-12-14 18:30:00', 'requested', '0000-00-00 00:00:00', '0000-00-00 00:00:00'),
(41645, 8, 15, 2, 0, 'EV-206-GN', 1, '2020-12-14 18:30:00', '2020-12-14 21:00:00', 'requested', '0000-00-00 00:00:00', '0000-00-00 00:00:00'),
(41646, 8, 3, 5, 0, 'CJ-453-AJ', 2, '2020-12-15 06:00:00', '2020-12-15 08:30:00', 'booked', '0000-00-00 00:00:00', '0000-00-00 00:00:00'),
(41647, 8, 3, 16, 0, 'NQ-858-GV', 2, '2020-12-15 08:30:00', '2020-12-15 11:00:00', 'requested', '0000-00-00 00:00:00', '0000-00-00 00:00:00'),
(41648, 8, 7, 10, 6, 'GV-916-UV', 1, '2020-12-15 11:00:00', '2020-12-15 13:30:00', 'finished', '0000-00-00 00:00:00', '0000-00-00 00:00:00'),
(41649, 8, 8, 12, 14, 'CQ-590-MN', 2, '2020-12-15 13:30:00', '2020-12-15 16:00:00', 'finished', '0000-00-00 00:00:00', '0000-00-00 00:00:00'),
(41650, 8, 0, 0, 0, NULL, NULL, '2020-12-15 16:00:00', '2020-12-15 18:30:00', 'prepared', '0000-00-00 00:00:00', '0000-00-00 00:00:00'),
(41651, 8, 18, 9, 0, 'GR-719-CN', 2, '2020-12-15 18:30:00', '2020-12-15 21:00:00', 'requested', '0000-00-00 00:00:00', '0000-00-00 00:00:00'),
(41652, 8, 8, 14, 9, 'LS-619-NW', 2, '2020-12-16 05:00:00', '2020-12-16 07:30:00', 'finished', '0000-00-00 00:00:00', '0000-00-00 00:00:00'),
(41653, 8, 10, 5, 2, 'UZ-766-BU', 1, '2020-12-16 07:30:00', '2020-12-16 10:00:00', 'finished', '0000-00-00 00:00:00', '0000-00-00 00:00:00'),
(41654, 8, 6, 11, 0, 'DW-232-GH', 2, '2020-12-16 10:00:00', '2020-12-16 12:30:00', 'requested', '0000-00-00 00:00:00', '0000-00-00 00:00:00'),
(41655, 8, 9, 13, 15, 'FP-714-GQ', 1, '2020-12-16 12:30:00', '2020-12-16 15:00:00', 'booked', '0000-00-00 00:00:00', '0000-00-00 00:00:00'),
(41656, 8, 15, 16, 0, 'SY-798-CE', 2, '2020-12-16 15:00:00', '2020-12-16 17:30:00', 'booked', '0000-00-00 00:00:00', '0000-00-00 00:00:00'),
(41657, 8, 8, 2, 2, 'FX-862-JT', 1, '2020-12-16 17:30:00', '2020-12-16 20:00:00', 'requested', '0000-00-00 00:00:00', '0000-00-00 00:00:00'),
(41658, 8, 6, 6, 5, 'JZ-318-EU', 1, '2020-12-17 05:00:00', '2020-12-17 07:30:00', 'booked', '0000-00-00 00:00:00', '0000-00-00 00:00:00'),
(41659, 8, 14, 14, 0, 'EH-586-BM', 2, '2020-12-17 07:30:00', '2020-12-17 10:00:00', 'requested', '0000-00-00 00:00:00', '0000-00-00 00:00:00'),
(41660, 8, 7, 15, 0, 'DN-535-JK', 2, '2020-12-17 10:00:00', '2020-12-17 12:30:00', 'booked', '0000-00-00 00:00:00', '0000-00-00 00:00:00'),
(41661, 8, 3, 8, 14, 'EZ-517-MO', 1, '2020-12-17 12:30:00', '2020-12-17 15:00:00', 'finished', '0000-00-00 00:00:00', '0000-00-00 00:00:00'),
(41662, 8, 0, 0, 0, NULL, NULL, '2020-12-17 15:00:00', '2020-12-17 17:30:00', 'prepared', '0000-00-00 00:00:00', '0000-00-00 00:00:00'),
(41663, 8, 10, 10, 10, 'LN-332-AL', 2, '2020-12-17 17:30:00', '2020-12-17 20:00:00', 'booked', '0000-00-00 00:00:00', '0000-00-00 00:00:00'),
(41664, 8, 10, 4, 0, 'HW-597-LS', 1, '2020-12-18 06:00:00', '2020-12-18 08:30:00', 'finished', '0000-00-00 00:00:00', '0000-00-00 00:00:00'),
(41665, 8, 3, 1, 0, 'AO-249-EH', 2, '2020-12-18 08:30:00', '2020-12-18 11:00:00', 'finished', '0000-00-00 00:00:00', '0000-00-00 00:00:00'),
(41666, 8, 0, 0, 0, NULL, NULL, '2020-12-18 11:00:00', '2020-12-18 13:30:00', 'prepared', '0000-00-00 00:00:00', '0000-00-00 00:00:00'),
(41667, 8, 15, 13, 2, 'BM-225-ST', 2, '2020-12-18 13:30:00', '2020-12-18 16:00:00', 'booked', '0000-00-00 00:00:00', '0000-00-00 00:00:00'),
(41668, 8, 15, 14, 0, 'EJ-985-EQ', 2, '2020-12-18 16:00:00', '2020-12-18 18:30:00', 'requested', '0000-00-00 00:00:00', '0000-00-00 00:00:00'),
(41669, 8, 7, 11, 0, 'BZ-807-HX', 1, '2020-12-18 18:30:00', '2020-12-18 21:00:00', 'finished', '0000-00-00 00:00:00', '0000-00-00 00:00:00'),
(41670, 8, 0, 0, 0, NULL, NULL, '2020-12-19 06:00:00', '2020-12-19 08:30:00', 'prepared', '0000-00-00 00:00:00', '0000-00-00 00:00:00'),
(41671, 8, 0, 0, 0, NULL, NULL, '2020-12-19 08:30:00', '2020-12-19 11:00:00', 'prepared', '0000-00-00 00:00:00', '0000-00-00 00:00:00'),
(41672, 8, 0, 0, 0, NULL, NULL, '2020-12-19 11:00:00', '2020-12-19 13:30:00', 'prepared', '0000-00-00 00:00:00', '0000-00-00 00:00:00'),
(41673, 8, 0, 0, 0, NULL, NULL, '2020-12-19 13:30:00', '2020-12-19 16:00:00', 'prepared', '0000-00-00 00:00:00', '0000-00-00 00:00:00'),
(41674, 8, 0, 0, 0, NULL, NULL, '2020-12-19 16:00:00', '2020-12-19 18:30:00', 'prepared', '0000-00-00 00:00:00', '0000-00-00 00:00:00'),
(41675, 8, 0, 0, 0, NULL, NULL, '2020-12-19 18:30:00', '2020-12-19 21:00:00', 'prepared', '0000-00-00 00:00:00', '0000-00-00 00:00:00'),
(41676, 8, 0, 0, 0, NULL, NULL, '2020-12-20 06:00:00', '2020-12-20 08:30:00', 'prepared', '0000-00-00 00:00:00', '0000-00-00 00:00:00'),
(41677, 8, 0, 0, 0, NULL, NULL, '2020-12-20 08:30:00', '2020-12-20 11:00:00', 'prepared', '0000-00-00 00:00:00', '0000-00-00 00:00:00'),
(41678, 8, 0, 0, 0, NULL, NULL, '2020-12-20 11:00:00', '2020-12-20 13:30:00', 'prepared', '0000-00-00 00:00:00', '0000-00-00 00:00:00'),
(41679, 8, 0, 0, 0, NULL, NULL, '2020-12-20 13:30:00', '2020-12-20 16:00:00', 'prepared', '0000-00-00 00:00:00', '0000-00-00 00:00:00'),
(41680, 8, 0, 0, 0, NULL, NULL, '2020-12-20 16:00:00', '2020-12-20 18:30:00', 'prepared', '0000-00-00 00:00:00', '0000-00-00 00:00:00'),
(41681, 8, 0, 0, 0, NULL, NULL, '2020-12-20 18:30:00', '2020-12-20 21:00:00', 'prepared', '0000-00-00 00:00:00', '0000-00-00 00:00:00'),
(41682, 8, 0, 0, 0, NULL, NULL, '2020-12-21 06:00:00', '2020-12-21 08:30:00', 'prepared', '0000-00-00 00:00:00', '0000-00-00 00:00:00'),
(41683, 8, 0, 0, 0, NULL, NULL, '2020-12-21 08:30:00', '2020-12-21 11:00:00', 'prepared', '0000-00-00 00:00:00', '0000-00-00 00:00:00'),
(41684, 8, 0, 0, 0, NULL, NULL, '2020-12-21 11:00:00', '2020-12-21 13:30:00', 'prepared', '0000-00-00 00:00:00', '0000-00-00 00:00:00'),
(41685, 8, 0, 0, 0, NULL, NULL, '2020-12-21 13:30:00', '2020-12-21 16:00:00', 'prepared', '0000-00-00 00:00:00', '0000-00-00 00:00:00'),
(41686, 8, 0, 0, 0, NULL, NULL, '2020-12-21 16:00:00', '2020-12-21 18:30:00', 'prepared', '0000-00-00 00:00:00', '0000-00-00 00:00:00'),
(41687, 8, 0, 0, 0, NULL, NULL, '2020-12-21 18:30:00', '2020-12-21 21:00:00', 'prepared', '0000-00-00 00:00:00', '0000-00-00 00:00:00'),
(41688, 9, 14, 6, 0, 'KP-470-DE', 2, '2020-12-08 06:00:00', '2020-12-08 08:30:00', 'finished', '0000-00-00 00:00:00', '0000-00-00 00:00:00'),
(41689, 9, 7, 1, 0, 'NT-272-CN', 1, '2020-12-08 08:30:00', '2020-12-08 11:00:00', 'requested', '0000-00-00 00:00:00', '0000-00-00 00:00:00'),
(41690, 9, 15, 8, 0, 'JS-619-CI', 2, '2020-12-08 11:00:00', '2020-12-08 13:30:00', 'finished', '0000-00-00 00:00:00', '0000-00-00 00:00:00'),
(41691, 9, 18, 6, 0, 'TX-758-RX', 1, '2020-12-08 13:30:00', '2020-12-08 16:00:00', 'requested', '0000-00-00 00:00:00', '0000-00-00 00:00:00'),
(41692, 9, 0, 0, 0, NULL, NULL, '2020-12-08 16:00:00', '2020-12-08 18:30:00', 'prepared', '0000-00-00 00:00:00', '0000-00-00 00:00:00'),
(41693, 9, 0, 0, 0, NULL, NULL, '2020-12-08 18:30:00', '2020-12-08 21:00:00', 'prepared', '0000-00-00 00:00:00', '0000-00-00 00:00:00'),
(41694, 9, 6, 14, 1, 'KL-692-IV', 2, '2020-12-09 05:00:00', '2020-12-09 07:30:00', 'requested', '0000-00-00 00:00:00', '0000-00-00 00:00:00'),
(41695, 9, 18, 4, 12, 'AP-180-TV', 2, '2020-12-09 07:30:00', '2020-12-09 10:00:00', 'booked', '0000-00-00 00:00:00', '0000-00-00 00:00:00'),
(41696, 9, 14, 11, 0, 'TZ-366-EV', 2, '2020-12-09 10:00:00', '2020-12-09 12:30:00', 'finished', '0000-00-00 00:00:00', '0000-00-00 00:00:00'),
(41697, 9, 0, 0, 0, NULL, NULL, '2020-12-09 12:30:00', '2020-12-09 15:00:00', 'prepared', '0000-00-00 00:00:00', '0000-00-00 00:00:00'),
(41698, 9, 3, 12, 1, 'CM-570-WX', 2, '2020-12-09 15:00:00', '2020-12-09 17:30:00', 'booked', '0000-00-00 00:00:00', '0000-00-00 00:00:00'),
(41699, 9, 9, 4, 0, 'CI-996-IJ', 1, '2020-12-09 17:30:00', '2020-12-09 20:00:00', 'requested', '0000-00-00 00:00:00', '0000-00-00 00:00:00'),
(41700, 9, 18, 8, 15, 'DY-898-PQ', 2, '2020-12-10 05:00:00', '2020-12-10 07:30:00', 'booked', '0000-00-00 00:00:00', '0000-00-00 00:00:00'),
(41701, 9, 15, 13, 14, 'OS-654-EI', 2, '2020-12-10 07:30:00', '2020-12-10 10:00:00', 'requested', '0000-00-00 00:00:00', '0000-00-00 00:00:00'),
(41702, 9, 6, 1, 4, 'IJ-961-WY', 1, '2020-12-10 10:00:00', '2020-12-10 12:30:00', 'requested', '0000-00-00 00:00:00', '0000-00-00 00:00:00'),
(41703, 9, 18, 15, 11, 'MO-426-FY', 2, '2020-12-10 12:30:00', '2020-12-10 15:00:00', 'finished', '0000-00-00 00:00:00', '0000-00-00 00:00:00'),
(41704, 9, 8, 7, 16, 'HL-157-IK', 1, '2020-12-10 15:00:00', '2020-12-10 17:30:00', 'booked', '0000-00-00 00:00:00', '0000-00-00 00:00:00'),
(41705, 9, 0, 0, 0, NULL, NULL, '2020-12-10 17:30:00', '2020-12-10 20:00:00', 'prepared', '0000-00-00 00:00:00', '0000-00-00 00:00:00'),
(41706, 9, 17, 2, 2, 'RS-180-LW', 2, '2020-12-11 06:00:00', '2020-12-11 08:30:00', 'booked', '0000-00-00 00:00:00', '0000-00-00 00:00:00'),
(41707, 9, 9, 2, 0, 'DZ-713-NV', 1, '2020-12-11 08:30:00', '2020-12-11 11:00:00', 'requested', '0000-00-00 00:00:00', '0000-00-00 00:00:00'),
(41708, 9, 18, 16, 0, 'WX-622-MO', 1, '2020-12-11 11:00:00', '2020-12-11 13:30:00', 'booked', '0000-00-00 00:00:00', '0000-00-00 00:00:00'),
(41709, 9, 13, 14, 0, 'BC-355-PZ', 2, '2020-12-11 13:30:00', '2020-12-11 16:00:00', 'booked', '0000-00-00 00:00:00', '0000-00-00 00:00:00'),
(41710, 9, 7, 16, 8, 'BH-782-HP', 1, '2020-12-11 16:00:00', '2020-12-11 18:30:00', 'finished', '0000-00-00 00:00:00', '0000-00-00 00:00:00'),
(41711, 9, 14, 4, 4, 'CO-273-HL', 2, '2020-12-11 18:30:00', '2020-12-11 21:00:00', 'requested', '0000-00-00 00:00:00', '0000-00-00 00:00:00'),
(41712, 9, 14, 14, 16, 'XY-257-JV', 2, '2020-12-12 06:00:00', '2020-12-12 08:30:00', 'booked', '0000-00-00 00:00:00', '0000-00-00 00:00:00'),
(41713, 9, 18, 5, 2, 'PZ-239-AN', 1, '2020-12-12 08:30:00', '2020-12-12 11:00:00', 'finished', '0000-00-00 00:00:00', '0000-00-00 00:00:00'),
(41714, 9, 3, 3, 11, 'MP-155-KU', 1, '2020-12-12 11:00:00', '2020-12-12 13:30:00', 'finished', '0000-00-00 00:00:00', '0000-00-00 00:00:00'),
(41715, 9, 9, 4, 5, 'KQ-103-BI', 1, '2020-12-12 13:30:00', '2020-12-12 16:00:00', 'finished', '0000-00-00 00:00:00', '0000-00-00 00:00:00'),
(41716, 9, 8, 3, 0, 'LX-513-MX', 1, '2020-12-12 16:00:00', '2020-12-12 18:30:00', 'finished', '0000-00-00 00:00:00', '0000-00-00 00:00:00'),
(41717, 9, 3, 9, 0, 'NZ-878-QS', 1, '2020-12-12 18:30:00', '2020-12-12 21:00:00', 'booked', '0000-00-00 00:00:00', '0000-00-00 00:00:00'),
(41718, 9, 9, 6, 0, 'HO-586-BV', 1, '2020-12-13 06:00:00', '2020-12-13 08:30:00', 'finished', '0000-00-00 00:00:00', '0000-00-00 00:00:00'),
(41719, 9, 17, 4, 14, 'BC-182-AR', 1, '2020-12-13 08:30:00', '2020-12-13 11:00:00', 'requested', '0000-00-00 00:00:00', '0000-00-00 00:00:00'),
(41720, 9, 17, 16, 4, 'SU-448-CE', 2, '2020-12-13 11:00:00', '2020-12-13 13:30:00', 'booked', '0000-00-00 00:00:00', '0000-00-00 00:00:00'),
(41721, 9, 15, 13, 5, 'FT-770-OT', 1, '2020-12-13 13:30:00', '2020-12-13 16:00:00', 'finished', '0000-00-00 00:00:00', '0000-00-00 00:00:00'),
(41722, 9, 18, 13, 0, 'HN-634-TX', 2, '2020-12-13 16:00:00', '2020-12-13 18:30:00', 'booked', '0000-00-00 00:00:00', '0000-00-00 00:00:00'),
(41723, 9, 9, 14, 2, 'KS-667-KM', 1, '2020-12-13 18:30:00', '2020-12-13 21:00:00', 'finished', '0000-00-00 00:00:00', '0000-00-00 00:00:00'),
(41724, 9, 17, 9, 0, 'PS-666-JN', 2, '2020-12-14 06:00:00', '2020-12-14 08:30:00', 'requested', '0000-00-00 00:00:00', '0000-00-00 00:00:00'),
(41725, 9, 0, 0, 0, NULL, NULL, '2020-12-14 08:30:00', '2020-12-14 11:00:00', 'prepared', '0000-00-00 00:00:00', '0000-00-00 00:00:00'),
(41726, 9, 15, 14, 15, 'NP-179-IL', 2, '2020-12-14 11:00:00', '2020-12-14 13:30:00', 'finished', '0000-00-00 00:00:00', '0000-00-00 00:00:00'),
(41727, 9, 18, 12, 0, 'BE-526-CK', 2, '2020-12-14 13:30:00', '2020-12-14 16:00:00', 'requested', '0000-00-00 00:00:00', '0000-00-00 00:00:00'),
(41728, 9, 17, 11, 14, 'BX-482-KL', 1, '2020-12-14 16:00:00', '2020-12-14 18:30:00', 'requested', '0000-00-00 00:00:00', '0000-00-00 00:00:00'),
(41729, 9, 15, 10, 5, 'CJ-675-NQ', 2, '2020-12-14 18:30:00', '2020-12-14 21:00:00', 'requested', '0000-00-00 00:00:00', '0000-00-00 00:00:00'),
(41730, 9, 14, 8, 0, 'KY-458-HJ', 1, '2020-12-15 06:00:00', '2020-12-15 08:30:00', 'finished', '0000-00-00 00:00:00', '0000-00-00 00:00:00'),
(41731, 9, 17, 10, 12, 'CR-287-OV', 1, '2020-12-15 08:30:00', '2020-12-15 11:00:00', 'finished', '0000-00-00 00:00:00', '0000-00-00 00:00:00'),
(41732, 9, 6, 11, 0, 'PT-839-KY', 2, '2020-12-15 11:00:00', '2020-12-15 13:30:00', 'requested', '0000-00-00 00:00:00', '0000-00-00 00:00:00'),
(41733, 9, 0, 0, 0, NULL, NULL, '2020-12-15 13:30:00', '2020-12-15 16:00:00', 'prepared', '0000-00-00 00:00:00', '0000-00-00 00:00:00'),
(41734, 9, 13, 3, 0, 'DT-532-CL', 2, '2020-12-15 16:00:00', '2020-12-15 18:30:00', 'booked', '0000-00-00 00:00:00', '0000-00-00 00:00:00'),
(41735, 9, 9, 16, 0, 'EP-956-IZ', 2, '2020-12-15 18:30:00', '2020-12-15 21:00:00', 'finished', '0000-00-00 00:00:00', '0000-00-00 00:00:00');
INSERT INTO `time_slot` (`id`, `id_gate`, `id_external_dispatcher`, `id_truck_driver_1`, `id_truck_driver_2`, `evc_truck`, `id_destination_order`, `start_date_time`, `end_date_time`, `state`, `ocupide_start_time`, `ocupide_end_time`) VALUES
(41736, 9, 0, 0, 0, NULL, NULL, '2020-12-16 05:00:00', '2020-12-16 07:30:00', 'prepared', '0000-00-00 00:00:00', '0000-00-00 00:00:00'),
(41737, 9, 8, 2, 1, 'KN-172-DQ', 2, '2020-12-16 07:30:00', '2020-12-16 10:00:00', 'booked', '0000-00-00 00:00:00', '0000-00-00 00:00:00'),
(41738, 9, 17, 9, 0, 'LN-994-PV', 2, '2020-12-16 10:00:00', '2020-12-16 12:30:00', 'booked', '0000-00-00 00:00:00', '0000-00-00 00:00:00'),
(41739, 9, 3, 11, 12, 'DP-615-LU', 2, '2020-12-16 12:30:00', '2020-12-16 15:00:00', 'booked', '0000-00-00 00:00:00', '0000-00-00 00:00:00'),
(41740, 9, 3, 5, 0, 'MV-400-GS', 2, '2020-12-16 15:00:00', '2020-12-16 17:30:00', 'requested', '0000-00-00 00:00:00', '0000-00-00 00:00:00'),
(41741, 9, 17, 11, 2, 'NO-166-AK', 2, '2020-12-16 17:30:00', '2020-12-16 20:00:00', 'finished', '0000-00-00 00:00:00', '0000-00-00 00:00:00'),
(41742, 9, 0, 0, 0, NULL, NULL, '2020-12-17 05:00:00', '2020-12-17 07:30:00', 'prepared', '0000-00-00 00:00:00', '0000-00-00 00:00:00'),
(41743, 9, 0, 0, 0, NULL, NULL, '2020-12-17 07:30:00', '2020-12-17 10:00:00', 'prepared', '0000-00-00 00:00:00', '0000-00-00 00:00:00'),
(41744, 9, 10, 8, 0, 'GU-179-RY', 1, '2020-12-17 10:00:00', '2020-12-17 12:30:00', 'booked', '0000-00-00 00:00:00', '0000-00-00 00:00:00'),
(41745, 9, 0, 0, 0, NULL, NULL, '2020-12-17 12:30:00', '2020-12-17 15:00:00', 'prepared', '0000-00-00 00:00:00', '0000-00-00 00:00:00'),
(41746, 9, 0, 0, 0, NULL, NULL, '2020-12-17 15:00:00', '2020-12-17 17:30:00', 'prepared', '0000-00-00 00:00:00', '0000-00-00 00:00:00'),
(41747, 9, 0, 0, 0, NULL, NULL, '2020-12-17 17:30:00', '2020-12-17 20:00:00', 'prepared', '0000-00-00 00:00:00', '0000-00-00 00:00:00'),
(41748, 9, 10, 13, 0, 'GJ-558-OV', 2, '2020-12-18 06:00:00', '2020-12-18 08:30:00', 'booked', '0000-00-00 00:00:00', '0000-00-00 00:00:00'),
(41749, 9, 14, 9, 11, 'YZ-101-FK', 1, '2020-12-18 08:30:00', '2020-12-18 11:00:00', 'booked', '0000-00-00 00:00:00', '0000-00-00 00:00:00'),
(41750, 9, 10, 3, 0, 'FL-874-GN', 2, '2020-12-18 11:00:00', '2020-12-18 13:30:00', 'finished', '0000-00-00 00:00:00', '0000-00-00 00:00:00'),
(41751, 9, 3, 15, 2, 'MS-774-SY', 2, '2020-12-18 13:30:00', '2020-12-18 16:00:00', 'requested', '0000-00-00 00:00:00', '0000-00-00 00:00:00'),
(41752, 9, 0, 0, 0, NULL, NULL, '2020-12-18 16:00:00', '2020-12-18 18:30:00', 'prepared', '0000-00-00 00:00:00', '0000-00-00 00:00:00'),
(41753, 9, 3, 1, 6, 'IT-378-FX', 2, '2020-12-18 18:30:00', '2020-12-18 21:00:00', 'finished', '0000-00-00 00:00:00', '0000-00-00 00:00:00'),
(41754, 9, 0, 0, 0, NULL, NULL, '2020-12-19 06:00:00', '2020-12-19 08:30:00', 'prepared', '0000-00-00 00:00:00', '0000-00-00 00:00:00'),
(41755, 9, 0, 0, 0, NULL, NULL, '2020-12-19 08:30:00', '2020-12-19 11:00:00', 'prepared', '0000-00-00 00:00:00', '0000-00-00 00:00:00'),
(41756, 9, 0, 0, 0, NULL, NULL, '2020-12-19 11:00:00', '2020-12-19 13:30:00', 'prepared', '0000-00-00 00:00:00', '0000-00-00 00:00:00'),
(41757, 9, 0, 0, 0, NULL, NULL, '2020-12-19 13:30:00', '2020-12-19 16:00:00', 'prepared', '0000-00-00 00:00:00', '0000-00-00 00:00:00'),
(41758, 9, 0, 0, 0, NULL, NULL, '2020-12-19 16:00:00', '2020-12-19 18:30:00', 'prepared', '0000-00-00 00:00:00', '0000-00-00 00:00:00'),
(41759, 9, 0, 0, 0, NULL, NULL, '2020-12-19 18:30:00', '2020-12-19 21:00:00', 'prepared', '0000-00-00 00:00:00', '0000-00-00 00:00:00'),
(41760, 9, 0, 0, 0, NULL, NULL, '2020-12-20 06:00:00', '2020-12-20 08:30:00', 'prepared', '0000-00-00 00:00:00', '0000-00-00 00:00:00'),
(41761, 9, 0, 0, 0, NULL, NULL, '2020-12-20 08:30:00', '2020-12-20 11:00:00', 'prepared', '0000-00-00 00:00:00', '0000-00-00 00:00:00'),
(41762, 9, 0, 0, 0, NULL, NULL, '2020-12-20 11:00:00', '2020-12-20 13:30:00', 'prepared', '0000-00-00 00:00:00', '0000-00-00 00:00:00'),
(41763, 9, 0, 0, 0, NULL, NULL, '2020-12-20 13:30:00', '2020-12-20 16:00:00', 'prepared', '0000-00-00 00:00:00', '0000-00-00 00:00:00'),
(41764, 9, 0, 0, 0, NULL, NULL, '2020-12-20 16:00:00', '2020-12-20 18:30:00', 'prepared', '0000-00-00 00:00:00', '0000-00-00 00:00:00'),
(41765, 9, 0, 0, 0, NULL, NULL, '2020-12-20 18:30:00', '2020-12-20 21:00:00', 'prepared', '0000-00-00 00:00:00', '0000-00-00 00:00:00'),
(41766, 9, 0, 0, 0, NULL, NULL, '2020-12-21 06:00:00', '2020-12-21 08:30:00', 'prepared', '0000-00-00 00:00:00', '0000-00-00 00:00:00'),
(41767, 9, 0, 0, 0, NULL, NULL, '2020-12-21 08:30:00', '2020-12-21 11:00:00', 'prepared', '0000-00-00 00:00:00', '0000-00-00 00:00:00'),
(41768, 9, 0, 0, 0, NULL, NULL, '2020-12-21 11:00:00', '2020-12-21 13:30:00', 'prepared', '0000-00-00 00:00:00', '0000-00-00 00:00:00'),
(41769, 9, 0, 0, 0, NULL, NULL, '2020-12-21 13:30:00', '2020-12-21 16:00:00', 'prepared', '0000-00-00 00:00:00', '0000-00-00 00:00:00'),
(41770, 9, 0, 0, 0, NULL, NULL, '2020-12-21 16:00:00', '2020-12-21 18:30:00', 'prepared', '0000-00-00 00:00:00', '0000-00-00 00:00:00'),
(41771, 9, 0, 0, 0, NULL, NULL, '2020-12-21 18:30:00', '2020-12-21 21:00:00', 'prepared', '0000-00-00 00:00:00', '0000-00-00 00:00:00'),
(41772, 10, 17, 12, 13, 'DJ-591-EJ', 2, '2020-12-08 06:00:00', '2020-12-08 08:30:00', 'booked', '0000-00-00 00:00:00', '0000-00-00 00:00:00'),
(41773, 10, 14, 13, 9, 'LS-490-FY', 2, '2020-12-08 08:30:00', '2020-12-08 11:00:00', 'finished', '0000-00-00 00:00:00', '0000-00-00 00:00:00'),
(41774, 10, 14, 7, 0, 'GM-735-JL', 2, '2020-12-08 11:00:00', '2020-12-08 13:30:00', 'finished', '0000-00-00 00:00:00', '0000-00-00 00:00:00'),
(41775, 10, 10, 7, 2, 'GQ-537-RY', 1, '2020-12-08 13:30:00', '2020-12-08 16:00:00', 'requested', '0000-00-00 00:00:00', '0000-00-00 00:00:00'),
(41776, 10, 13, 9, 1, 'AN-384-CV', 2, '2020-12-08 16:00:00', '2020-12-08 18:30:00', 'finished', '0000-00-00 00:00:00', '0000-00-00 00:00:00'),
(41777, 10, 0, 0, 0, NULL, NULL, '2020-12-08 18:30:00', '2020-12-08 21:00:00', 'prepared', '0000-00-00 00:00:00', '0000-00-00 00:00:00'),
(41778, 10, 18, 9, 0, 'NR-809-DI', 1, '2020-12-09 05:00:00', '2020-12-09 07:30:00', 'booked', '0000-00-00 00:00:00', '0000-00-00 00:00:00'),
(41779, 10, 7, 3, 14, 'DM-347-FY', 2, '2020-12-09 07:30:00', '2020-12-09 10:00:00', 'requested', '0000-00-00 00:00:00', '0000-00-00 00:00:00'),
(41780, 10, 3, 3, 0, 'IJ-374-JO', 2, '2020-12-09 10:00:00', '2020-12-09 12:30:00', 'finished', '0000-00-00 00:00:00', '0000-00-00 00:00:00'),
(41781, 10, 15, 6, 7, 'HV-621-TV', 1, '2020-12-09 12:30:00', '2020-12-09 15:00:00', 'requested', '0000-00-00 00:00:00', '0000-00-00 00:00:00'),
(41782, 10, 17, 10, 11, 'DF-259-MO', 2, '2020-12-09 15:00:00', '2020-12-09 17:30:00', 'requested', '0000-00-00 00:00:00', '0000-00-00 00:00:00'),
(41783, 10, 8, 2, 0, 'DQ-474-TY', 2, '2020-12-09 17:30:00', '2020-12-09 20:00:00', 'requested', '0000-00-00 00:00:00', '0000-00-00 00:00:00'),
(41784, 10, 8, 2, 12, 'OQ-497-DR', 1, '2020-12-10 05:00:00', '2020-12-10 07:30:00', 'requested', '0000-00-00 00:00:00', '0000-00-00 00:00:00'),
(41785, 10, 18, 9, 14, 'PT-166-CO', 2, '2020-12-10 07:30:00', '2020-12-10 10:00:00', 'booked', '0000-00-00 00:00:00', '0000-00-00 00:00:00'),
(41786, 10, 17, 11, 0, 'GJ-985-BQ', 1, '2020-12-10 10:00:00', '2020-12-10 12:30:00', 'requested', '0000-00-00 00:00:00', '0000-00-00 00:00:00'),
(41787, 10, 13, 15, 0, 'OY-558-FY', 1, '2020-12-10 12:30:00', '2020-12-10 15:00:00', 'finished', '0000-00-00 00:00:00', '0000-00-00 00:00:00'),
(41788, 10, 13, 4, 4, 'GV-508-IU', 2, '2020-12-10 15:00:00', '2020-12-10 17:30:00', 'finished', '0000-00-00 00:00:00', '0000-00-00 00:00:00'),
(41789, 10, 18, 4, 8, 'FK-969-LW', 1, '2020-12-10 17:30:00', '2020-12-10 20:00:00', 'finished', '0000-00-00 00:00:00', '0000-00-00 00:00:00'),
(41790, 10, 18, 6, 0, 'RS-232-MT', 2, '2020-12-11 06:00:00', '2020-12-11 08:30:00', 'requested', '0000-00-00 00:00:00', '0000-00-00 00:00:00'),
(41791, 10, 0, 0, 0, NULL, NULL, '2020-12-11 08:30:00', '2020-12-11 11:00:00', 'prepared', '0000-00-00 00:00:00', '0000-00-00 00:00:00'),
(41792, 10, 9, 15, 0, 'GR-481-LQ', 2, '2020-12-11 11:00:00', '2020-12-11 13:30:00', 'requested', '0000-00-00 00:00:00', '0000-00-00 00:00:00'),
(41793, 10, 0, 0, 0, NULL, NULL, '2020-12-11 13:30:00', '2020-12-11 16:00:00', 'prepared', '0000-00-00 00:00:00', '0000-00-00 00:00:00'),
(41794, 10, 0, 0, 0, NULL, NULL, '2020-12-11 16:00:00', '2020-12-11 18:30:00', 'prepared', '0000-00-00 00:00:00', '0000-00-00 00:00:00'),
(41795, 10, 6, 8, 0, 'AE-351-GJ', 1, '2020-12-11 18:30:00', '2020-12-11 21:00:00', 'finished', '0000-00-00 00:00:00', '0000-00-00 00:00:00'),
(41796, 10, 15, 14, 0, 'GO-385-CT', 1, '2020-12-12 06:00:00', '2020-12-12 08:30:00', 'booked', '0000-00-00 00:00:00', '0000-00-00 00:00:00'),
(41797, 10, 13, 9, 3, 'DI-927-NQ', 2, '2020-12-12 08:30:00', '2020-12-12 11:00:00', 'requested', '0000-00-00 00:00:00', '0000-00-00 00:00:00'),
(41798, 10, 0, 0, 0, NULL, NULL, '2020-12-12 11:00:00', '2020-12-12 13:30:00', 'prepared', '0000-00-00 00:00:00', '0000-00-00 00:00:00'),
(41799, 10, 18, 6, 0, 'UZ-968-DM', 2, '2020-12-12 13:30:00', '2020-12-12 16:00:00', 'booked', '0000-00-00 00:00:00', '0000-00-00 00:00:00'),
(41800, 10, 0, 0, 0, NULL, NULL, '2020-12-12 16:00:00', '2020-12-12 18:30:00', 'prepared', '0000-00-00 00:00:00', '0000-00-00 00:00:00'),
(41801, 10, 14, 4, 0, 'LP-917-GQ', 1, '2020-12-12 18:30:00', '2020-12-12 21:00:00', 'booked', '0000-00-00 00:00:00', '0000-00-00 00:00:00'),
(41802, 10, 7, 6, 0, 'UZ-846-JR', 1, '2020-12-13 06:00:00', '2020-12-13 08:30:00', 'booked', '0000-00-00 00:00:00', '0000-00-00 00:00:00'),
(41803, 10, 10, 16, 0, 'FT-479-VX', 1, '2020-12-13 08:30:00', '2020-12-13 11:00:00', 'finished', '0000-00-00 00:00:00', '0000-00-00 00:00:00'),
(41804, 10, 17, 10, 0, 'CO-693-OP', 1, '2020-12-13 11:00:00', '2020-12-13 13:30:00', 'requested', '0000-00-00 00:00:00', '0000-00-00 00:00:00'),
(41805, 10, 14, 14, 13, 'FY-291-DZ', 1, '2020-12-13 13:30:00', '2020-12-13 16:00:00', 'requested', '0000-00-00 00:00:00', '0000-00-00 00:00:00'),
(41806, 10, 0, 0, 0, NULL, NULL, '2020-12-13 16:00:00', '2020-12-13 18:30:00', 'prepared', '0000-00-00 00:00:00', '0000-00-00 00:00:00'),
(41807, 10, 15, 12, 7, 'TW-361-IY', 1, '2020-12-13 18:30:00', '2020-12-13 21:00:00', 'finished', '0000-00-00 00:00:00', '0000-00-00 00:00:00'),
(41808, 10, 0, 0, 0, NULL, NULL, '2020-12-14 06:00:00', '2020-12-14 08:30:00', 'prepared', '0000-00-00 00:00:00', '0000-00-00 00:00:00'),
(41809, 10, 0, 0, 0, NULL, NULL, '2020-12-14 08:30:00', '2020-12-14 11:00:00', 'prepared', '0000-00-00 00:00:00', '0000-00-00 00:00:00'),
(41810, 10, 0, 0, 0, NULL, NULL, '2020-12-14 11:00:00', '2020-12-14 13:30:00', 'prepared', '0000-00-00 00:00:00', '0000-00-00 00:00:00'),
(41811, 10, 17, 8, 0, 'DU-170-DK', 1, '2020-12-14 13:30:00', '2020-12-14 16:00:00', 'requested', '0000-00-00 00:00:00', '0000-00-00 00:00:00'),
(41812, 10, 9, 5, 0, 'PT-717-PZ', 1, '2020-12-14 16:00:00', '2020-12-14 18:30:00', 'booked', '0000-00-00 00:00:00', '0000-00-00 00:00:00'),
(41813, 10, 7, 2, 0, 'PW-356-EQ', 1, '2020-12-14 18:30:00', '2020-12-14 21:00:00', 'finished', '0000-00-00 00:00:00', '0000-00-00 00:00:00'),
(41814, 10, 8, 2, 7, 'JU-347-FT', 2, '2020-12-15 06:00:00', '2020-12-15 08:30:00', 'finished', '0000-00-00 00:00:00', '0000-00-00 00:00:00'),
(41815, 10, 0, 0, 0, NULL, NULL, '2020-12-15 08:30:00', '2020-12-15 11:00:00', 'prepared', '0000-00-00 00:00:00', '0000-00-00 00:00:00'),
(41816, 10, 13, 5, 0, 'DM-697-JY', 2, '2020-12-15 11:00:00', '2020-12-15 13:30:00', 'requested', '0000-00-00 00:00:00', '0000-00-00 00:00:00'),
(41817, 10, 14, 11, 0, 'IZ-858-CZ', 1, '2020-12-15 13:30:00', '2020-12-15 16:00:00', 'requested', '0000-00-00 00:00:00', '0000-00-00 00:00:00'),
(41818, 10, 14, 6, 0, 'JS-755-FS', 1, '2020-12-15 16:00:00', '2020-12-15 18:30:00', 'requested', '0000-00-00 00:00:00', '0000-00-00 00:00:00'),
(41819, 10, 14, 15, 7, 'MY-969-LN', 1, '2020-12-15 18:30:00', '2020-12-15 21:00:00', 'finished', '0000-00-00 00:00:00', '0000-00-00 00:00:00'),
(41820, 10, 0, 0, 0, NULL, NULL, '2020-12-16 05:00:00', '2020-12-16 07:30:00', 'prepared', '0000-00-00 00:00:00', '0000-00-00 00:00:00'),
(41821, 10, 18, 4, 0, 'RX-342-LN', 2, '2020-12-16 07:30:00', '2020-12-16 10:00:00', 'booked', '0000-00-00 00:00:00', '0000-00-00 00:00:00'),
(41822, 10, 17, 4, 12, 'HT-610-MZ', 2, '2020-12-16 10:00:00', '2020-12-16 12:30:00', 'booked', '0000-00-00 00:00:00', '0000-00-00 00:00:00'),
(41823, 10, 3, 16, 15, 'IU-528-FV', 1, '2020-12-16 12:30:00', '2020-12-16 15:00:00', 'requested', '0000-00-00 00:00:00', '0000-00-00 00:00:00'),
(41824, 10, 6, 13, 0, 'AP-719-KP', 2, '2020-12-16 15:00:00', '2020-12-16 17:30:00', 'booked', '0000-00-00 00:00:00', '0000-00-00 00:00:00'),
(41825, 10, 0, 0, 0, NULL, NULL, '2020-12-16 17:30:00', '2020-12-16 20:00:00', 'prepared', '0000-00-00 00:00:00', '0000-00-00 00:00:00'),
(41826, 10, 0, 0, 0, NULL, NULL, '2020-12-17 05:00:00', '2020-12-17 07:30:00', 'prepared', '0000-00-00 00:00:00', '0000-00-00 00:00:00'),
(41827, 10, 15, 16, 9, 'KM-955-AW', 1, '2020-12-17 07:30:00', '2020-12-17 10:00:00', 'requested', '0000-00-00 00:00:00', '0000-00-00 00:00:00'),
(41828, 10, 7, 9, 0, 'AD-401-KV', 2, '2020-12-17 10:00:00', '2020-12-17 12:30:00', 'finished', '0000-00-00 00:00:00', '0000-00-00 00:00:00'),
(41829, 10, 7, 14, 15, 'JN-791-AR', 2, '2020-12-17 12:30:00', '2020-12-17 15:00:00', 'booked', '0000-00-00 00:00:00', '0000-00-00 00:00:00'),
(41830, 10, 9, 3, 0, 'EP-397-JW', 1, '2020-12-17 15:00:00', '2020-12-17 17:30:00', 'requested', '0000-00-00 00:00:00', '0000-00-00 00:00:00'),
(41831, 10, 10, 13, 4, 'ET-633-PT', 1, '2020-12-17 17:30:00', '2020-12-17 20:00:00', 'booked', '0000-00-00 00:00:00', '0000-00-00 00:00:00'),
(41832, 10, 0, 0, 0, NULL, NULL, '2020-12-18 06:00:00', '2020-12-18 08:30:00', 'prepared', '0000-00-00 00:00:00', '0000-00-00 00:00:00'),
(41833, 10, 7, 12, 0, 'IU-730-NX', 1, '2020-12-18 08:30:00', '2020-12-18 11:00:00', 'finished', '0000-00-00 00:00:00', '0000-00-00 00:00:00'),
(41834, 10, 18, 7, 13, 'KU-561-DH', 1, '2020-12-18 11:00:00', '2020-12-18 13:30:00', 'booked', '0000-00-00 00:00:00', '0000-00-00 00:00:00'),
(41835, 10, 18, 6, 0, 'CF-875-RX', 1, '2020-12-18 13:30:00', '2020-12-18 16:00:00', 'finished', '0000-00-00 00:00:00', '0000-00-00 00:00:00'),
(41836, 10, 9, 9, 1, 'RW-265-JM', 1, '2020-12-18 16:00:00', '2020-12-18 18:30:00', 'finished', '0000-00-00 00:00:00', '0000-00-00 00:00:00'),
(41837, 10, 0, 0, 0, NULL, NULL, '2020-12-18 18:30:00', '2020-12-18 21:00:00', 'prepared', '0000-00-00 00:00:00', '0000-00-00 00:00:00'),
(41838, 10, 0, 0, 0, NULL, NULL, '2020-12-19 06:00:00', '2020-12-19 08:30:00', 'prepared', '0000-00-00 00:00:00', '0000-00-00 00:00:00'),
(41839, 10, 0, 0, 0, NULL, NULL, '2020-12-19 08:30:00', '2020-12-19 11:00:00', 'prepared', '0000-00-00 00:00:00', '0000-00-00 00:00:00'),
(41840, 10, 0, 0, 0, NULL, NULL, '2020-12-19 11:00:00', '2020-12-19 13:30:00', 'prepared', '0000-00-00 00:00:00', '0000-00-00 00:00:00'),
(41841, 10, 0, 0, 0, NULL, NULL, '2020-12-19 13:30:00', '2020-12-19 16:00:00', 'prepared', '0000-00-00 00:00:00', '0000-00-00 00:00:00'),
(41842, 10, 0, 0, 0, NULL, NULL, '2020-12-19 16:00:00', '2020-12-19 18:30:00', 'prepared', '0000-00-00 00:00:00', '0000-00-00 00:00:00'),
(41843, 10, 0, 0, 0, NULL, NULL, '2020-12-19 18:30:00', '2020-12-19 21:00:00', 'prepared', '0000-00-00 00:00:00', '0000-00-00 00:00:00'),
(41844, 10, 0, 0, 0, NULL, NULL, '2020-12-20 06:00:00', '2020-12-20 08:30:00', 'prepared', '0000-00-00 00:00:00', '0000-00-00 00:00:00'),
(41845, 10, 0, 0, 0, NULL, NULL, '2020-12-20 08:30:00', '2020-12-20 11:00:00', 'prepared', '0000-00-00 00:00:00', '0000-00-00 00:00:00'),
(41846, 10, 0, 0, 0, NULL, NULL, '2020-12-20 11:00:00', '2020-12-20 13:30:00', 'prepared', '0000-00-00 00:00:00', '0000-00-00 00:00:00'),
(41847, 10, 0, 0, 0, NULL, NULL, '2020-12-20 13:30:00', '2020-12-20 16:00:00', 'prepared', '0000-00-00 00:00:00', '0000-00-00 00:00:00'),
(41848, 10, 0, 0, 0, NULL, NULL, '2020-12-20 16:00:00', '2020-12-20 18:30:00', 'prepared', '0000-00-00 00:00:00', '0000-00-00 00:00:00'),
(41849, 10, 0, 0, 0, NULL, NULL, '2020-12-20 18:30:00', '2020-12-20 21:00:00', 'prepared', '0000-00-00 00:00:00', '0000-00-00 00:00:00'),
(41850, 10, 0, 0, 0, NULL, NULL, '2020-12-21 06:00:00', '2020-12-21 08:30:00', 'prepared', '0000-00-00 00:00:00', '0000-00-00 00:00:00'),
(41851, 10, 0, 0, 0, NULL, NULL, '2020-12-21 08:30:00', '2020-12-21 11:00:00', 'prepared', '0000-00-00 00:00:00', '0000-00-00 00:00:00'),
(41852, 10, 0, 0, 0, NULL, NULL, '2020-12-21 11:00:00', '2020-12-21 13:30:00', 'prepared', '0000-00-00 00:00:00', '0000-00-00 00:00:00'),
(41853, 10, 0, 0, 0, NULL, NULL, '2020-12-21 13:30:00', '2020-12-21 16:00:00', 'prepared', '0000-00-00 00:00:00', '0000-00-00 00:00:00'),
(41854, 10, 0, 0, 0, NULL, NULL, '2020-12-21 16:00:00', '2020-12-21 18:30:00', 'prepared', '0000-00-00 00:00:00', '0000-00-00 00:00:00'),
(41855, 10, 0, 0, 0, NULL, NULL, '2020-12-21 18:30:00', '2020-12-21 21:00:00', 'prepared', '0000-00-00 00:00:00', '0000-00-00 00:00:00');

-- --------------------------------------------------------

--
-- Table structure for table `truck_driver`
--

CREATE TABLE IF NOT EXISTS `truck_driver` (
  `id` int(11) NOT NULL AUTO_INCREMENT,
  `full_name` varchar(50) COLLATE utf8_slovak_ci NOT NULL,
  PRIMARY KEY (`id`)
) ENGINE=InnoDB  DEFAULT CHARSET=utf8 COLLATE=utf8_slovak_ci AUTO_INCREMENT=17 ;

--
-- Dumping data for table `truck_driver`
--

INSERT INTO `truck_driver` (`id`, `full_name`) VALUES
(1, 'Jozko Zlaty'),
(2, 'Ferko Mrkvicka'),
(3, 'Alica Zazrakov'),
(4, 'Zlatka zlta'),
(5, 'Kamiom kamionisticky'),
(6, 'Iba kamion'),
(7, 'Nie niesomKamion'),
(8, 'Hmm Hmmmm'),
(9, 'A Haaaa'),
(10, 'Juraj Oslovsky'),
(11, 'Zabka Zabkova'),
(12, 'Sused Neverni'),
(13, 'Kamarat Parohac'),
(14, 'Janko Hrasko'),
(15, 'Hrasko Janko'),
(16, 'Sarsa Mafia1');

/*!40101 SET CHARACTER_SET_CLIENT=@OLD_CHARACTER_SET_CLIENT */;
/*!40101 SET CHARACTER_SET_RESULTS=@OLD_CHARACTER_SET_RESULTS */;
/*!40101 SET COLLATION_CONNECTION=@OLD_COLLATION_CONNECTION */;
